TGTGCCAGCAGTCCTCCCGGGACTAGGAGGTCAGAGCAGTTCTTC	CASSPPGTRRSEQFF	TRBV9	TRBJ2-1
TGCAGTGCTAAGTTCCTACTTTGCAGTTTCACGAATCAGCCCCAGCATTTT	CSAKFLLCSFTNQPQHF	TRBV20-1	TRBJ1-5
TGCGCCAGCAGCCGTTATCAGCCGGCGGGCAATCAGCCCCAGCATTTT	CASSRYQPAGNQPQHF	TRBV4-1	TRBJ1-5
TGCGCCAGCAGAAAAGGGGGAGAGCAGTACTTC	CASRKGGEQYF	TRBV5-1	TRBJ2-7
TGTGCCAGCAATACCCACAGGGAGGACGGCGGGGAGCTGTTTTTT	CASNTHREDGGELFF	TRBV6-3	TRBJ2-2
TGCAGTGCTCACAGGGGCCTCCCCGATTCACCCCTCCACTTT	CSAHRGLPDSPLHF	TRBV20-1	TRBJ1-6
TGTGCCAGCAGTGGTGGGGACAGAACCTACGAGCAGTACTTC	CASSGGDRTYEQYF	TRBV6-4	TRBJ2-7
TGTGCCAGCAGCTTGCCTTTCCATAATGAAAAACTGTTTTTT	CASSLPFHNEKLFF	TRBV5-6	TRBJ1-4
TGTGCCAGTAGTCTCCCCCGAGGGACCGAGCAGTACTTC	CASSLPRGTEQYF	TRBV19	TRBJ2-7
TGTGCCAGCAGCGTGGGGGGGGCTACTGAAGCTTTCTTT	CASSVGGATEAFF	TRBV7-3	TRBJ1-1
TGTGCCAGCAGCGTAGCCAGCCGGGTGAAAGAGACCCAGTACTTC	CASSVASRVKETQYF	TRBV9	TRBJ2-5
TGTGCCAGCAGCTTGACCAGGGAGGGTCCATATGGCTACACCTTC	CASSLTREGPYGYTF	TRBV5-5	TRBJ1-2
TGCGCCATGAGTCAATGGGGTGCTTTCTTT	CAMSQWGAFF	TRBV5-1	TRBJ1-1
TGTGCCAGCAGTGTAGGACAGATAAACACCGGGGAGCTGTTTTTT	CASSVGQINTGELFF	TRBV6-5	TRBJ2-2
TGCGCCAGCAGCTTGGGCCTACTAGCGGGAGAGAGGCTCTATGGCTACACCTTC	CASSLGLLAGERLYGYTF	TRBV5-1	TRBJ1-2
TGTGCCAGGATAACTAGCGGGTCAGGGGAGCAGTACTTC	CARITSGSGEQYF	TRBV6-1	TRBJ2-7
TGTGCCAGCAGTGAACGTTCGCGAGGGCTTTGCTACAATGAGCAGTTCTTC	CASSERSRGLCYNEQFF	TRBV27	TRBJ2-1
TGTGCCAGTATGAGGGGTCGGACCTCCTACGAGCAGTACTTC	CASMRGRTSYEQYF	TRBV19	TRBJ2-7
TGTGCCAGCAGTCCCTGGATTACGAATAGCAATCAGCCCCAGCATTTT	CASSPWITNSNQPQHF	TRBV6-2	TRBJ1-5
TGTGCCAGCAGCACCAACGGCTGGAACACTGAAGCTTTCTTT	CASSTNGWNTEAFF	TRBV7-3	TRBJ1-1
TGTGCCAGCAGTAATGAGCAGTTCTTC	CASSNEQFF	TRBV6-1	TRBJ2-1
TGTGCCAGCAGTTACTACGTGGAGCCATCCGTCCGGTACGAGCAGTACTTC	CASSYYVEPSVRYEQYF	TRBV6-5	TRBJ2-7
TGTGCCAGCATCTCTAGAGTTCATGCGAACACCGGGGAGCTGTTTTTT	CASISRVHANTGELFF	TRBV6-4	TRBJ2-2
TGTGCCACCAGTGATTTGAAAACGCTACTGACCACCGGGGAGCTGTTTTTT	CATSDLKTLLTTGELFF	TRBV24-1	TRBJ2-2
TGTGCCAGCAGCGGGACTAGACCTGAGCAGTTCTTC	CASSGTRPEQFF	TRBV7-3	TRBJ2-1
TGTGCCAGCAGCCGGGTCGTCCCCAAGACAGGGGGCCCTGAAAAACTGTTTTTT	CASSRVVPKTGGPEKLFF	TRBV11-2	TRBJ1-4
TGTGCCAGCAGTTACTCGACCAGCGGCCACAATGAGCAGTTCTTC	CASSYSTSGHNEQFF	TRBV6-5	TRBJ2-1
TGTGCCAGCTCCGGGGGGGCCATGTCCTACGAGCAGTACTTC	CASSGGAMSYEQYF	TRBV6-5	TRBJ2-7
TGTGCCAGCAGTTACTCGAACGACCCGGATAGCAATCAGCCCCAGCATTTT	CASSYSNDPDSNQPQHF	TRBV6-5	TRBJ1-5
TGTGCCAGCAGCTCCGGGACAGGGAAGGTTGAAAAACTGTTTTTT	CASSSGTGKVEKLFF	TRBV7-9	TRBJ1-4
TGTGCCAGCAGCCGGGGGTCCTACGAGCAGTACTTC	CASSRGSYEQYF	TRBV14	TRBJ2-7
TGCAGTGCTAGGGGGGGGGCTGAAGCTTTCTTT	CSARGGAEAFF	TRBV20-1	TRBJ1-1
TGTGCCAGCATTCAGGTCACGAAAGATACCCAGTACTTC	CASIQVTKDTQYF	TRBV28	TRBJ2-5
TGTGCCAGCAGAGACCAGGCACACTACAATCAGCCCCAGCATTTT	CASRDQAHYNQPQHF	TRBV7-3	TRBJ1-5
TGTGCCAGCACTCGGGACAGGGCCAATGAGCAGTTCTTC	CASTRDRANEQFF	TRBV3-1	TRBJ2-1
TGTGCCAGCAGTCCACTAGCGGGAAATGAGCAGTTCTTC	CASSPLAGNEQFF	TRBV27	TRBJ2-1
TGTGCCAGCAGCAGCCCGGGACAGAAGGTAATGAACACTGAAGCTTTCTTT	CASSSPGQKVMNTEAFF	TRBV13	TRBJ1-1
TGTGCCAGCAGCGTAGGCGTGGGACACGTAGAAATTTCCTACTACGAGCAGTACTTC	CASSVGVGHVEISYYEQYF	TRBV9	TRBJ2-7
TGTGCCAGCAGCGAATCTCCTCTAAGAATACTTTGCAATGAGCAGTTCTTC	CASSESPLRILCNEQFF	TRBV7-3	TRBJ2-1
TGTGCCAGCAGTGGGGACAGGGATCAGCCCCAGCATTTT	CASSGDRDQPQHF	TRBV27	TRBJ1-5
TGTGCCAGCAGAAAGGCGGGACAGGGTCCCATGAACACTGAAGCTTTCTTT	CASRKAGQGPMNTEAFF	TRBV3-1	TRBJ1-1
TGCGCCAGCAGCTTATGGCGGGAGCCCTACAATGAGCAGTTCTTC	CASSLWREPYNEQFF	TRBV5-1	TRBJ2-1
TGTGCCAGCAGCCCGACAGGGCGTGAAAAACTGTTTTTT	CASSPTGREKLFF	TRBV13	TRBJ1-4
TGTGCCAGCAGCCAAGAAGGGAATCCGGGCTATGGCTACACCTTC	CASSQEGNPGYGYTF	TRBV4-2	TRBJ1-2
TGTGCCAGCAGTGAATACCTGGACAGGGGTAACTCCTACGAGCAGTACTTC	CASSEYLDRGNSYEQYF	TRBV25-1	TRBJ2-7
TGTGCCAGCAGCCACGGGCTTGAGCAGTTCTTC	CASSHGLEQFF	TRBV14	TRBJ2-1
TGTGCCAGCAAGAGGGGGGCCGAGGCGGGCACTGAAGCTTTCTTT	CASKRGAEAGTEAFF	TRBV6-5	TRBJ1-1
TGCGCCAGCAGCTTGTGGGACAGGATCGGGGAGCTGTTTTTT	CASSLWDRIGELFF	TRBV5-1	TRBJ2-2
TGTGCCAGCAGCTACCTTCGCCGACAGGGGCGCAATCAGCCCCAGCATTTT	CASSYLRRQGRNQPQHF	TRBV7-7	TRBJ1-5
TGTGCCAGCAGCGTAGCGTCCCTCTGGGGGGTTACGCATAGCAATCAGCCCCAGCATTTT	CASSVASLWGVTHSNQPQHF	TRBV9	TRBJ1-5
TGTGCCAGCAGTCGCGGGAGGACGAACACTGAAGCTTTCTTT	CASSRGRTNTEAFF	TRBV12-4	TRBJ1-1
TGTGCCAGCAGTAGCCAGGGGGATTCACCCCTCCACTTT	CASSSQGDSPLHF	TRBV6-4	TRBJ1-6
TGTGCCAGCAGTGACTCCTCTTCGTATAAGGGAGGCAATGAGCAGTTCTTC	CASSDSSSYKGGNEQFF	TRBV6-4	TRBJ2-1
TGTGCCAGCATCGGGGGGGGGCTCACAGATACGCAGTATTTT	CASIGGGLTDTQYF	TRBV6-2	TRBJ2-3
TGCGCCAGCAGCTTGGACAAAGGGGATACGCAGTATTTT	CASSLDKGDTQYF	TRBV5-1	TRBJ2-3
TGTGCCAGCAGCTGGATCCGGAACACCGGGGAGCTGTTTTTT	CASSWIRNTGELFF	TRBV6-8	TRBJ2-2
TGTGCCAGCGCTCTACCCCGAAGGGGCCGCCAAGAGACCCAGTACTTC	CASALPRRGRQETQYF	TRBV13	TRBJ2-5
TGCGCCCGAGACGGGCCCCAGCATTTT	CARDGPQHF	TRBV10-2	TRBJ1-5
TGTGCCAGCAGCCGCAGGACAGGCCGCTGGGAAGAGACCCAGTACTTC	CASSRRTGRWEETQYF	TRBV12-3	TRBJ2-5
TGTGCCAGCAGCTTAGATAGGGCAGTGAACACTGAAGCTTTCTTT	CASSLDRAVNTEAFF	TRBV7-2	TRBJ1-1
TGTAGGGCATCCCCTGAGACCCAGTACTTC	CRASPETQYF	TRBV6-1	TRBJ2-5
TGTGCCAGCAGCTTAGTGGCACTAGCGGTGTGCTACGAGCAGTACTTC	CASSLVALAVCYEQYF	TRBV7-4	TRBJ2-7
TGCGCCAGCCGGCGTCGGGACAGGGGGGTTGGTGAAAAACTGTTTTTT	CASRRRDRGVGEKLFF	TRBV10-1	TRBJ1-4
TGCAGCGTTACCGGAGATGAGCAGTTCTTC	CSVTGDEQFF	TRBV29-1	TRBJ2-1
TGTGCCACCAGTGAGCTACCAGGACTAGCGGGGCAACACGAGCAGTACTTC	CATSELPGLAGQHEQYF	TRBV24-1	TRBJ2-7
TGTGCCAGCATGGTAAGCGGGAACACCGGGGAGCTGTTTTTT	CASMVSGNTGELFF	TRBV6-2	TRBJ2-2
TGCAGTGCTAGAGTATATCGCGGGCTTTTAGATCAGCCCCAGCATTTT	CSARVYRGLLDQPQHF	TRBV20-1	TRBJ1-5
TGTGCCAGTATAGATTTAGGAAGATATTTT	CASIDLGRYF	TRBV19	TRBJ2-3
TGTGCCAGCAGCTTAGTGTCGGTGAGCATCCCCACAGATACGCAGTATTTT	CASSLVSVSIPTDTQYF	TRBV11-2	TRBJ2-3
TGCAGTGCTAGCCTAGGAGACAGGGTCGCTTCGAACAACACTGAAGCTTTCTTT	CSASLGDRVASNNTEAFF	TRBV20-1	TRBJ1-1
TGTGCCAGCAGTTTAGCGCGCACAGGGAGACGTGGCTACACCTTC	CASSLARTGRRGYTF	TRBV12-4	TRBJ1-2
TGTGCCAGCAGCTCCCGGACAGGGGTTAACACCGGGGAGCTGTTTTTT	CASSSRTGVNTGELFF	TRBV11-3	TRBJ2-2
TGTGCCAGCAGCTTAGATCCGAGAAGGGGCCTCTATGGCTACACCTTC	CASSLDPRRGLYGYTF	TRBV11-2	TRBJ1-2
TGCGCCAGCCCGAGTGGGGGGCTAGGGAGCAATCAGCCCCAGCATTTT	CASPSGGLGSNQPQHF	TRBV5-1	TRBJ1-5
TGTGCCAGCAGCCAAATTAGCAATGAGCAGTTCTTC	CASSQISNEQFF	TRBV14	TRBJ2-1
TGTGCCAGCAGCCGTGCGGACAGGGGCGAGGCAAAAAGCAATCAGCCCCAGCATTTT	CASSRADRGEAKSNQPQHF	TRBV3-1	TRBJ1-5
TGTGCCAGCGTTGTTGCGGGAAATAATGAAAAACTGTTTTTT	CASVVAGNNEKLFF	TRBV25-1	TRBJ1-4
TGTGCCAGCAGGAAGACGATCCCCCCCTACGAGCAGTACTTC	CASRKTIPPYEQYF	TRBV6-6	TRBJ2-7
TGTGCCAGCAGCTTACCAAAAGACAGGGGGGGGGACGAGCAGTACTTC	CASSLPKDRGGDEQYF	TRBV11-3	TRBJ2-7
TGTGCCAGTAGTGCTTCAGGGCGTCCCTACGAGCAGTACTTC	CASSASGRPYEQYF	TRBV19	TRBJ2-7
TGTGCCAGACAAGAACCGGGTTACGAGACCCAGTACTTC	CARQEPGYETQYF	TRBV6-3	TRBJ2-5
TGCAGCGGGGGGGTGATCCAAGAGACCCAGTACTTC	CSGGVIQETQYF	TRBV29-1	TRBJ2-5
TGTGCCAGCAGCTTGGCTCGGGGGCACACTGAAGCTTTCTTT	CASSLARGHTEAFF	TRBV5-5	TRBJ1-1
TGTGCCAGCAGTGAAGCTTCGCAGACTAGCGGGGGGGCGGATGCCCGTTACAATGAGCAGTTCTTC	CASSEASQTSGGADARYNEQFF	TRBV2	TRBJ2-1
TGCGCCAGCAGCCCCCTTCAGCAGGGCCGTTACGAGCAGTACTTC	CASSPLQQGRYEQYF	TRBV4-3	TRBJ2-7
TGTGCCAGCAGTTTGACTAGCGGGTGTTACAATGAGCAGTTCTTC	CASSLTSGCYNEQFF	TRBV27	TRBJ2-1
TGCAGTGCTAGAACAGGGGGTGAGTCACCCCTCCACTTT	CSARTGGESPLHF	TRBV20-1	TRBJ1-6
TGTGCTAGCAGCGGAGGGGGCATTTATGAGACCCAGTACTTC	CASSGGGIYETQYF	TRBV7-7	TRBJ2-5
TGTGCCATCAGGGGACTAGCGGTGACAGATACGCAGTATTTT	CAIRGLAVTDTQYF	TRBV10-3	TRBJ2-3
TGTGCCAGCAGCGGTGGACATAGTAGAAATCAGCCCCAGCATTTT	CASSGGHSRNQPQHF	TRBV13	TRBJ1-5
TGTGCCAGCACGGGGCCATCGGAAGCCTATGGCTACACCTTC	CASTGPSEAYGYTF	TRBV6-4	TRBJ1-2
TGTGCCAGCTTAAGGAAAGCACGGTCGGTCAATCAGCCCCAGCATTTT	CASLRKARSVNQPQHF	TRBV19	TRBJ1-5
TGTGCCAGCAGGAAAAAGGACAGGGGGCAGAGCCGTTCACCCCTCCACTTT	CASRKKDRGQSRSPLHF	TRBV11-3	TRBJ1-6
TGTGCCAGCAGCTTACTCCAGACGGGGGAGCGATCCTACGAGCAGTACTTC	CASSLLQTGERSYEQYF	TRBV7-2	TRBJ2-7
TGTGCCAGCAGCTTAGCCTTGTACTCCTACGAGCAGTACTTC	CASSLALYSYEQYF	TRBV11-3	TRBJ2-7
TGTGCCAGCAGCGGTACTACCCCCCATTATTTTAACACTGAAGCTTTCTTT	CASSGTTPHYFNTEAFF	TRBV9	TRBJ1-1
TGCGCCAGCAGTGGTTTGTTCCCGACAGGGGGTTCCCAGGCCGGGGAGCTGTTTTTT	CASSGLFPTGGSQAGELFF	TRBV4-1	TRBJ2-2
TGTGCCAACAGGGGGTTCTGCTATGGCTACACCTTC	CANRGFCYGYTF	TRBV7-9	TRBJ1-2
TGTGCCAGCAGCTGTCCCGCCGGGGGGGGAGAAGGGGAAAAACTGTTTTTT	CASSCPAGGGEGEKLFF	TRBV5-6	TRBJ1-4
TGTGCCAGCATAGGCCAGACCATGAACACTGAAGCTTTCTTT	CASIGQTMNTEAFF	TRBV27	TRBJ1-1
TGTGCCAGCAGCCAAGCCATATCCGGGACAGGGACCGACACCGGGGAGCTGTTTTTT	CASSQAISGTGTDTGELFF	TRBV3-1	TRBJ2-2
TGCAGTGCTAGATATAGGGCGGTCAGAAAACTGTTTTTT	CSARYRAVRKLFF	TRBV20-1	TRBJ1-4
TGTGCCAGCAGTGGCGGAGGGGTAATCTACGAGCAGTACTTC	CASSGGGVIYEQYF	TRBV6-1	TRBJ2-7
TGTGCCAGCAGCCGACAGGGGGCGGAGAACACTGAAGCTTTCTTT	CASSRQGAENTEAFF	TRBV13	TRBJ1-1
TGTGCCAGCAGCGTAGCGAAGACGGCCAATCGGGACACCGGTAGCTCCTATAATTCACCCCTCCACTTT	CASSVAKTANRDTGSSYNSPLHF	TRBV9	TRBJ1-6
TGCAGCGTTGAGCCCCCACACAGGGGGCCGACGTTGGCGAACACCGGGGAGCTGTTTTTT	CSVEPPHRGPTLANTGELFF	TRBV29-1	TRBJ2-2
TGTGCCAGCAGAAAAGGGAACACAGATACGCAGTATTTT	CASRKGNTDTQYF	TRBV27	TRBJ2-3
TGTGCCAGCAGTTATACTAGACGCCGGCGAAACATTCAGTACTTC	CASSYTRRRRNIQYF	TRBV6-9	TRBJ2-4
TGTGCCAGCAGCTTCCGGGGACCCGGCACTGAAGCTTTCTTT	CASSFRGPGTEAFF	TRBV7-2	TRBJ1-1
TGTGCCAGCAGCCCGATAGGAAAAAATTCACCCCTCCACTTT	CASSPIGKNSPLHF	TRBV28	TRBJ1-6
TGTGCCAGCAGCATCGGCTGGACGAGGGCGGCGAGGTACGAGCAGTACTTC	CASSIGWTRAARYEQYF	TRBV7-9	TRBJ2-7
TGTGCCAGCAGCCTGGTCCAGGGCCACAAGGCAACTAATGAAAAACTGTTTTTT	CASSLVQGHKATNEKLFF	TRBV11-2	TRBJ1-4
TGTGCCAGCAGCTTAGTTAAGACCTCCTACGAGCAGTACTTC	CASSLVKTSYEQYF	TRBV11-2	TRBJ2-7
TGTGCCAGCAGTGGTAAGAGCACAGATACGCAGTATTTT	CASSGKSTDTQYF	TRBV13	TRBJ2-3
TGTGCCAGCAGCTGGTGTCCTGGGGATCCTAGCTCTGGGGCCAACGTCCTGACTTTC	CASSWCPGDPSSGANVLTF	TRBV5-4	TRBJ2-6
TGTGCCAGCAGCTTCGGGGGGTCCGCAGGGTCGCGGGACTATGGCTACACCTTC	CASSFGGSAGSRDYGYTF	TRBV7-2	TRBJ1-2
TGTGCTAGTGGTTTACAGAGCCAAGAGACCCAGTACTTC	CASGLQSQETQYF	TRBV12-5	TRBJ2-5
TGTGCCACCAGTGATTGGACCAGGACGCAGTTAAACTACGAGCAGTACTTC	CATSDWTRTQLNYEQYF	TRBV24-1	TRBJ2-7
TGCAGCGTTGAAGATCTCAAGGCGCCCCTGCAAGAGACCCAGTACTTC	CSVEDLKAPLQETQYF	TRBV29-1	TRBJ2-5
TGTGCCAGCATTCGAACCGGGACAGGGGCTTTGTATACGCAGTATTTT	CASIRTGTGALYTQYF	TRBV6-8	TRBJ2-3
TGTGCCAGTAACCCGGGGGTTCTAATGAACACTGAAGCTTTCTTT	CASNPGVLMNTEAFF	TRBV19	TRBJ1-1
TGTGCCGTATCGGCACCCACCCCGGGACAGGGGTTCGAGCAGTACTTC	CAVSAPTPGQGFEQYF	TRBV6-1	TRBJ2-7
TGCAGTGCTAGCCGTGAGACAGTCCGGAACTATGGCTACACCTTC	CSASRETVRNYGYTF	TRBV20-1	TRBJ1-2
TGTGCCAGCAGCTCAACCCCTTTAGGACTAGTGGACAATGAGCAGTTCTTC	CASSSTPLGLVDNEQFF	TRBV9	TRBJ2-1
TGCGCCAGCAGGGATACTCTAATCTACGAGCAGTACTTC	CASRDTLIYEQYF	TRBV4-1	TRBJ2-7
TGTGCCAGCAGCTCTACTAGGCCTTCCCCCTCCTACGAGCAGTACTTC	CASSSTRPSPSYEQYF	TRBV11-3	TRBJ2-7
TGTGCCAGCAGCCAAGAGCCGGGGATCAATCAGCCCCAGCATTTT	CASSQEPGINQPQHF	TRBV7-6	TRBJ1-5
TGCGCCAGCAGCCTCTGGACAGGGCACGAGCAGTACTTC	CASSLWTGHEQYF	TRBV4-3	TRBJ2-7
TGTGCCAGCGACGGGGGGCGCGGGAGAGGTTATGGCTACACCTTC	CASDGGRGRGYGYTF	TRBV6-2	TRBJ1-2
TGCGCCAGCAGCTTGACAGAAAAACTGTTTTTT	CASSLTEKLFF	TRBV5-1	TRBJ1-4
TGTGCCAGCAGCCGTATAAGTCGAGGGGTTAAAGGATCCTACAATGAGCAGTTCTTC	CASSRISRGVKGSYNEQFF	TRBV14	TRBJ2-1
TGTGCCAGCAGCGGGTTTCTACTTATATACACTGAAGCTTTCTTT	CASSGFLLIYTEAFF	TRBV13	TRBJ1-1
TGTGCCAGCAGTACGTGGCACAGCGGGACAATTGAGCAGTACTTC	CASSTWHSGTIEQYF	TRBV12-3	TRBJ2-7
TGTGCCACCAGTGATTCAGTAACTAGCGGGAGCGATAATTCACCCCTCCACTTT	CATSDSVTSGSDNSPLHF	TRBV24-1	TRBJ1-6
TGTGCCAGCAGCTTGGAACTTCAGAAAAAGGGACCAGGACCTCAGCCCCAGCATTTT	CASSLELQKKGPGPQPQHF	TRBV5-6	TRBJ1-5
TGTGCCAGCAGCGTGTGGGACAGGGCCTACGAGCAGTACTTC	CASSVWDRAYEQYF	TRBV9	TRBJ2-7
TGTGCCTGGAAACTCGTACTAGAGGCCGCCTACAATGAGCAGTTCTTC	CAWKLVLEAAYNEQFF	TRBV30	TRBJ2-1
TGTGCCAGCAGCTCAAAAGGGGGGGCGTACGAGCAGTACTTC	CASSSKGGAYEQYF	TRBV6-4	TRBJ2-7
TGTGCCAGCAGCGTGTCCACGGCTAGTAAAAGCTCTGGAAACACCATATATTTT	CASSVSTASKSSGNTIYF	TRBV9	TRBJ1-3
TGTGCCAGCAGTTACGGGGCTTCTGAAGCTTTCTTT	CASSYGASEAFF	TRBV6-5	TRBJ1-1
TGTGCCAGCGTGCTCAGCAGGGGTCTGTCCTACAATGAGCAGTTCTTC	CASVLSRGLSYNEQFF	TRBV9	TRBJ2-1
TGTGCCAGCAGCTCGGTACGCCCCGGGACACTTGAATACAATGAGCAGTTCTTC	CASSSVRPGTLEYNEQFF	TRBV5-4	TRBJ2-1
TGCAGTGCTCAGAAGACAGGGAACACTGAAGCTTTCTTT	CSAQKTGNTEAFF	TRBV20-1	TRBJ1-1
TGTGCCAGCAGTTTAATGGACTCTCCCGTAGTAGCCAAAAACATTCAGTACTTC	CASSLMDSPVVAKNIQYF	TRBV28	TRBJ2-4
TGTGCCAGCAGCTTCCCGGGACAAGACACTGAAGCTTTCTTT	CASSFPGQDTEAFF	TRBV7-4	TRBJ1-1
TGCGCCAGCAGTGGCCCGAAGGAGGACTTAGCCTGGTATAGCAATCAGCCCCAGCATTTT	CASSGPKEDLAWYSNQPQHF	TRBV10-1	TRBJ1-5
TGTGCCAGCAGTTACATTGGGGTAGTTGAAAAACTGTTTTTT	CASSYIGVVEKLFF	TRBV6-5	TRBJ1-4
TGTGCCCCCCGACGTGAGACCCAGTACTTC	CAPRRETQYF	TRBV12-3	TRBJ2-5
TGTGCATCGGAAAACGGGGGAACTGAGGGGAACACTGAAGCTTTCTTT	CASENGGTEGNTEAFF	TRBV7-3	TRBJ1-1
TGCGCCAGCAGCTTTACAGGGGGGGTTCCATTCTCTCGCACAGATACGCAGTATTTT	CASSFTGGVPFSRTDTQYF	TRBV5-1	TRBJ2-3
TGTGCCAGCAGCTTAGCGGAGGATCCATGGCTAAACACCGGGGAGCTGTTTTTT	CASSLAEDPWLNTGELFF	TRBV11-3	TRBJ2-2
TGCAGTGCTAGGAAGCGTGCTCAGGGGACCTCCCACTATGGCTACACCTTC	CSARKRAQGTSHYGYTF	TRBV20-1	TRBJ1-2
TGTGCCAGCAGCGCAGGACTGAACACTGAAGCTTTCTTT	CASSAGLNTEAFF	TRBV9	TRBJ1-1
TGTGCCAGCAAATGGGGGGGCCACGGATACAATGAGCAGTTCTTC	CASKWGGHGYNEQFF	TRBV12-3	TRBJ2-1
TGTGCCAGCAGTTTATGGGGAGGGATGCTGTACGAGCAGTACTTC	CASSLWGGMLYEQYF	TRBV27	TRBJ2-7
TGTGCCAGCAGCTTAGGAGGGTCTGGCTACACCTTC	CASSLGGSGYTF	TRBV5-5	TRBJ1-2
TGTGCCAGCAGTTTATCCCACCAGGGCAATCAGCCCCAGCATTTT	CASSLSHQGNQPQHF	TRBV27	TRBJ1-5
TGTGCCAGCATCAGGGAAACAGAAACCTGTAGAATGAACACTGAAGCTTTCTTT	CASIRETETCRMNTEAFF	TRBV6-5	TRBJ1-1
TGTGCCACCAGTGATTTGGTTAGGTACCGGGACAGGGTGCAACTGGCCTACGAGCAGTACTTC	CATSDLVRYRDRVQLAYEQYF	TRBV24-1	TRBJ2-7
TGTGCCAGCAGCCAAGTCCGGGAATACAGGGGCTTCTACGAGCAGTACTTC	CASSQVREYRGFYEQYF	TRBV3-1	TRBJ2-7
TGTGCCAGCAGCGAACTAGAGAGCCAAGAGACCCAGTACTTC	CASSELESQETQYF	TRBV6-1	TRBJ2-5
TGCGCCAGCAGTGATCTTGGTGAGGGCTACACCTTC	CASSDLGEGYTF	TRBV10-2	TRBJ1-2
TGTGCCAGCAGTTCGGACTATTCGGATACGCAGTATTTT	CASSSDYSDTQYF	TRBV7-6	TRBJ2-3
TGTGCCAGCAGTTTCTTCGGACACGAGCAGTACTTC	CASSFFGHEQYF	TRBV28	TRBJ2-7
TGTGCCAGCCACGGACCCACGACTAACTATGGCTACACCTTC	CASHGPTTNYGYTF	TRBV7-4	TRBJ1-2
TGCAGTGCTAGGTTAAGGGGGGGGGTCACTGAAGCTTTCTTT	CSARLRGGVTEAFF	TRBV20-1	TRBJ1-1
TGTGCCGTCGGGACAGGGGGGAGGCACGAGCAGTACTTC	CAVGTGGRHEQYF	TRBV6-4	TRBJ2-7
TGTGCCAGCAGCCGGGGCCGGGACAGGGGTCCCCAAGAGACCCAGTACTTC	CASSRGRDRGPQETQYF	TRBV3-1	TRBJ2-5
TGCAGCGTTGTTGCGCAGGGGCGCGGTAGGAGCTCCTACGAGCAGTACTTC	CSVVAQGRGRSSYEQYF	TRBV29-1	TRBJ2-7
TGCAGTGCTAGCGACCACAGGGGTCCCCACATTCAGTACTTC	CSASDHRGPHIQYF	TRBV20-1	TRBJ2-4
TGCGCCAGCAGTGACCAAGTTGGGGGGGCGCCCTTCAAAAACATTCAGTACTTC	CASSDQVGGAPFKNIQYF	TRBV10-1	TRBJ2-4
TGTGCCAGCAGCGGTAGCGGGTTCTTC	CASSGSGFF	TRBV5-6	TRBJ2-1
TGTGCCAGGGGCCACGGGAGTATGGCAGCCAAAAACATTCAGTACTTC	CARGHGSMAAKNIQYF	TRBV2	TRBJ2-4
TGTGCCAGCAGCCACACATGGGGACTAGCGGGATTAGAGACCCAGTACTTC	CASSHTWGLAGLETQYF	TRBV5-4	TRBJ2-5
TGCGCCAGCAGCATGACCCGGCCGGAGCAGTACTTC	CASSMTRPEQYF	TRBV5-1	TRBJ2-7
TGTGCTAGTGGTGACCCCGACAGGACAGCTCGGCAAGAGACCCAGTACTTC	CASGDPDRTARQETQYF	TRBV12-5	TRBJ2-5
TGCAGTGCTTCCACTAGCGGGAGGAGTTCCTACAATGAGCAGTTCTTC	CSASTSGRSSYNEQFF	TRBV20-1	TRBJ2-1
TGTGCTAGTGGTTTGGTACCAGGCCAGTACTTC	CASGLVPGQYF	TRBV12-5	TRBJ2-5
TGTGCCAGCAGGGCGTACTACGAGACCCAGTACTTC	CASRAYYETQYF	TRBV6-4	TRBJ2-5
TGTGCCAGCAGCTTAGCCCTGGGCTACGAGCAGTACTTC	CASSLALGYEQYF	TRBV7-2	TRBJ2-7
TGTGCCAGCAGCTACCATACTGGGAGAGACTATGGCTACACCTTC	CASSYHTGRDYGYTF	TRBV9	TRBJ1-2
TGTGCCATCAGTGAGTCGGAGGCTCTACTCCGCTCTGGAAACACCATATATTTT	CAISESEALLRSGNTIYF	TRBV10-3	TRBJ1-3
TGCGCCAGCAGCTTAGGCGGGAACAACAATGAGCAGTTCTTC	CASSLGGNNNEQFF	TRBV5-1	TRBJ2-1
TGTGCCAGCAGTTTCCTTCTGAAGGGGCCCACTTTCTACGAGCAGTACTTC	CASSFLLKGPTFYEQYF	TRBV12-3	TRBJ2-7
TGTGCCAGCAGTTTCCGGGGGGGGGGCCCTCCCTACGAGCAGTACTTC	CASSFRGGGPPYEQYF	TRBV28	TRBJ2-7
TGCGCCAGCAGCTTTGGCCCGGGACAGGGGTCCCTTGTCCCAGGGCTTCACTACGAGCAGTACTTC	CASSFGPGQGSLVPGLHYEQYF	TRBV5-1	TRBJ2-7
TGTGCCAGCAGCTCTAGGGGAGATACGCAGTATTTT	CASSSRGDTQYF	TRBV13	TRBJ2-3
TGTGCCAGTAGTATAGCCAAGATTCCCCGGGGGGCTACTGACAATGAGCAGTTCTTC	CASSIAKIPRGATDNEQFF	TRBV19	TRBJ2-1
TGTGCCAGCACTCCAAGCCGATGTCCCAGGGGGCCCTACGAGCAGTACTTC	CASTPSRCPRGPYEQYF	TRBV14	TRBJ2-7
TGTGCCAGCATTCCTTTCCTGTTGGGGAGCAGGTCACCCCTCCACTTT	CASIPFLLGSRSPLHF	TRBV27	TRBJ1-6
TGTGCCCCCAGTGAGGGGGCGACTTACGAGCAGTACTTC	CAPSEGATYEQYF	TRBV6-2	TRBJ2-7
TGTGCCAGCAGCGGCCTACATCTGGGGGGGAGGGCCGATCAGCCCCAGCATTTT	CASSGLHLGGRADQPQHF	TRBV13	TRBJ1-5
TGTGCCAGCAGAAATCTCCCGACAGGGAAGAACTCTGGAAACACCATATATTTT	CASRNLPTGKNSGNTIYF	TRBV6-8	TRBJ1-3
TGTGCCTGGAGTGTATCTCCTGGGGCGGGATATTCTAACTATGGCTACACCTTC	CAWSVSPGAGYSNYGYTF	TRBV30	TRBJ1-2
TGTGCCAGCAGTTTCAGAAGGAACACTGAAGCTTTCTTT	CASSFRRNTEAFF	TRBV28	TRBJ1-1
TGTGCCATCGGGACGACCGGGGAGCTGTTTTTT	CAIGTTGELFF	TRBV28	TRBJ2-2
TGTGCCAGCAGTGAATTTCAGGGGTCTCCGTATATCGATCAGCCCCAGCATTTT	CASSEFQGSPYIDQPQHF	TRBV25-1	TRBJ1-5
TGTGCCTGGACAGGGAACACTGAAGCTTTCTTT	CAWTGNTEAFF	TRBV30	TRBJ1-1
TGCAGCGTTGAAGAGACCCCTGAGACCCAGTACTTC	CSVEETPETQYF	TRBV29-1	TRBJ2-5
TGTGCCAGCAGCTTAGTCAGGGCCTACGAGCAGTACTTC	CASSLVRAYEQYF	TRBV11-3	TRBJ2-7
TGTGCCAGCAGCTTACTGGGGAGTAACTATGGCTACACCTTC	CASSLLGSNYGYTF	TRBV5-6	TRBJ1-2
TGTGCCAGCAGTTATCCTAGTTTCGGGGAGCTGTTTTTT	CASSYPSFGELFF	TRBV6-6	TRBJ2-2
TGTGCCAGCAGGGCGGCCCAGGGCCCTGAAGCTTTCTTT	CASRAAQGPEAFF	TRBV11-2	TRBJ1-1
TGTGCCAGCAGCCAAGCCGTGACAGTGGGGAACACTGAAGCTTTCTTT	CASSQAVTVGNTEAFF	TRBV3-1	TRBJ1-1
TGTGCCAGCAGTGTTTCCCTATTGGAGGACTCCTACGAGCAGTACTTC	CASSVSLLEDSYEQYF	TRBV6-4	TRBJ2-7
TGTGCCAGCAGCGGGACGGTCTCCTACGAGCAGTACTTC	CASSGTVSYEQYF	TRBV7-3	TRBJ2-7
TGCAGTGCTGTTAGGGACAGAGGACTAGCGGGTCGCAATGAGCAGTTCTTC	CSAVRDRGLAGRNEQFF	TRBV20-1	TRBJ2-1
TGCGCCAGCAGCTTATGGCGGAGGGGGGACTCTGGGGCCAACGTCCTGACTTTC	CASSLWRRGDSGANVLTF	TRBV5-1	TRBJ2-6
TGTGCCAGCAGAAGCCGGAACGGCTCCTACGAGCAGTACTTC	CASRSRNGSYEQYF	TRBV6-5	TRBJ2-7
TGTGCCAGCAGCATCCCTAGCGGGAGACCCACCGGGGAGCTGTTTTTT	CASSIPSGRPTGELFF	TRBV7-6	TRBJ2-2
TGCAGTGCCCCGGGGATCTGGCAAAGCTCCTACGAGCAGTACTTC	CSAPGIWQSSYEQYF	TRBV20-1	TRBJ2-7
TGTGCCAGCAGTCGAGATCGCGAGGGGGGGGGCAATCAGCCCCAGCATTTT	CASSRDREGGGNQPQHF	TRBV6-2	TRBJ1-5
TGTGCCAGCAGCCCCCGACCTGTATACGAGCAGTACTTC	CASSPRPVYEQYF	TRBV13	TRBJ2-7
TGTGCCAGCAGTGCTCTCCCAAGACATGCTACAAGCAATCAGCCCCAGCATTTT	CASSALPRHATSNQPQHF	TRBV6-4	TRBJ1-5
TGTGCCAGCAGCGTAGAAGACGACAGAGAAGGACCCGGGGAGCAGTACTTC	CASSVEDDREGPGEQYF	TRBV9	TRBJ2-7
TGTGCCAGCAGCCAACCTTCTGGGCAGGAATGGCACGAGCAGTACTTC	CASSQPSGQEWHEQYF	TRBV14	TRBJ2-7
TGCGCCAGCAGCCTGGTACAGCAGGAGCAGTACTTC	CASSLVQQEQYF	TRBV4-3	TRBJ2-7
TGTGCCAGCAGCTGCCCGGGGACAAGTAGCAATGAAAAACTGTTTTTT	CASSCPGTSSNEKLFF	TRBV7-6	TRBJ1-4
TGTGCCACCTTACCCGGGACTAGCGGGAGAAAAAGGGTTGGACTTGCTCAGCCCCAGCATTTT	CATLPGTSGRKRVGLAQPQHF	TRBV24-1	TRBJ1-5
TGTGCCAGCAGCTTAGCGGGGGGGGAGACCCAGTACTTC	CASSLAGGETQYF	TRBV5-4	TRBJ2-5
TGCGCCAGCAGCTTGTTTAATGCCTGGTCCCCCCCGGGACTAGCGGGAGAGACAGATACGCAGTATTTT	CASSLFNAWSPPGLAGETDTQYF	TRBV5-1	TRBJ2-3
TGTGCCAGCAGCACTATCAGGGGGATCTACGAGCAGTACTTC	CASSTIRGIYEQYF	TRBV13	TRBJ2-7
TGCGCCAGCAGCCGGGACCCCCCTCACATTCAGTACTTC	CASSRDPPHIQYF	TRBV5-1	TRBJ2-4
TGTGCCAGCAGCGGAGGAAGCCTGAATAGCGGGAAGGGGGGTGACACCGGGGAGCTGTTTTTT	CASSGGSLNSGKGGDTGELFF	TRBV7-3	TRBJ2-2
TGCAGTGCTACAGGAGTGGGGATGGTATCGGGCTACGAGCAGTACTTC	CSATGVGMVSGYEQYF	TRBV20-1	TRBJ2-7
TGTGCCAGCAGAGCAGTACAGGGCGCCATCAACACCGGGGAGCTGTTTTTT	CASRAVQGAINTGELFF	TRBV6-4	TRBJ2-2
TGTGCCAGCAGGCATTGGACAGGGCAGGTAATTACGCAGTATTTT	CASRHWTGQVITQYF	TRBV6-1	TRBJ2-3
TGTGCCCGTACTTGTGACTGTGGTCACTTTGCAGATACGCAGTATTTT	CARTCDCGHFADTQYF	TRBV5-4	TRBJ2-3
TGTGCCAGCAGCAAGATTGCCCGGGACAGGGGGTACTACGAGCAGTACTTC	CASSKIARDRGYYEQYF	TRBV7-9	TRBJ2-7
TGCGCCAGCAGCTTAAAGGGACAGGGTGAAGCTTTCTTT	CASSLKGQGEAFF	TRBV5-1	TRBJ1-1
TGTGCCAGCAGCGGTCCGGGACACACAGATACGCAGTATTTT	CASSGPGHTDTQYF	TRBV7-3	TRBJ2-3
TGTGCCAGCAGTGAAGGACAGGTTTCAGGTGCGATGGCAAATGAAAAACTGTTTTTT	CASSEGQVSGAMANEKLFF	TRBV6-4	TRBJ1-4
TGCGCCAGCCCCAGACAATTAGGGACAGGGGTTCCTAACTATGGCTACACCTTC	CASPRQLGTGVPNYGYTF	TRBV10-1	TRBJ1-2
TGTGCCAGCAGCCTTCGTGGGAGAGCAAAACGAGAGACCCAGTACTTC	CASSLRGRAKRETQYF	TRBV9	TRBJ2-5
TGTGCCAGCAGCGTAGGTATGAGTTTTGACTACGAGCAGTACTTC	CASSVGMSFDYEQYF	TRBV9	TRBJ2-7
TGTGCTAGTGGTTTGGTAGCAACCTCCAACCGAAATCAGCCCCAGCATTTT	CASGLVATSNRNQPQHF	TRBV12-5	TRBJ1-5
TGCGCCAGCAGTGAATTTGACGACGAGCAGTACTTC	CASSEFDDEQYF	TRBV10-1	TRBJ2-7
TGCAGTGCGGAGGCACCCCAGAGGTCTGAAGCTTTCTTT	CSAEAPQRSEAFF	TRBV20-1	TRBJ1-1
TGTGCCAGCAGCTTAGACCTAGCGGGTACAAGTGAGCAGTTCTTC	CASSLDLAGTSEQFF	TRBV7-3	TRBJ2-1
TGTGCCAGCAGCTTAGAAAACGGGACAGGGGCGGTGAACACTGAAGCTTTCTTT	CASSLENGTGAVNTEAFF	TRBV7-3	TRBJ1-1
TGTGCCAGCAGTATAAAAGGGGACGCGTACGAGCAGTACTTC	CASSIKGDAYEQYF	TRBV6-3	TRBJ2-7
TGCGCCAGAGCGTTGGCGTCAATAACCTATAATTCACCCCTCCACTTT	CARALASITYNSPLHF	TRBV5-1	TRBJ1-6
TGTGCCAGCAGCTTAGTCGCAGCGGCAGACGAGCAGTACTTC	CASSLVAAADEQYF	TRBV7-3	TRBJ2-7
TGTGCCAGCAGCGGGCGGGTTGACAGGGGGCATCAGCCCCAGCATTTT	CASSGRVDRGHQPQHF	TRBV5-4	TRBJ1-5
TGTGCCAGCAGCAGGCCTTATATGGGGGCTGAGCAGTTCTTC	CASSRPYMGAEQFF	TRBV13	TRBJ2-1
TGTGCCACCATGTCACTATTAAACTACGAGCAGTACTTC	CATMSLLNYEQYF	TRBV24-1	TRBJ2-7
TGTGCCAGCAGTTTCCTTATCGAGTGTCTGAGGTACAATGAGCAGTTCTTC	CASSFLIECLRYNEQFF	TRBV27	TRBJ2-1
TGTGCCAGCGTCCCCGGACAGCATAAAGGGGATGAAAAACTGTTTTTT	CASVPGQHKGDEKLFF	TRBV6-5	TRBJ1-4
TGTGCCAGCACGGGGTCGCATCAGCCCCAGCATTTT	CASTGSHQPQHF	TRBV6-8	TRBJ1-5
TGTGCCAGCAGCCAAGGAGGGACAGGGGCCTATAATTCACCCCTCCACTTT	CASSQGGTGAYNSPLHF	TRBV4-2	TRBJ1-6
TGTGCCAGCAGGGGCCCAAGCCCCAGCGACTACGAGCAGTACTTC	CASRGPSPSDYEQYF	TRBV7-9	TRBJ2-7
TGCAGTGCCCAAGGTCACCGCTACACCTTC	CSAQGHRYTF	TRBV20-1	TRBJ1-2
TGTGCCCAGGGTAACTATGGCTACACCTTC	CAQGNYGYTF	TRBV10-3	TRBJ1-2
TGTGCCAGCCCGGACGAGGGACACGAGCAGTACTTC	CASPDEGHEQYF	TRBV9	TRBJ2-7
TGTGCCAGCAGCGGACAGAATCAGCCCCAGCATTTT	CASSGQNQPQHF	TRBV11-3	TRBJ1-5
TGTGCCAGCAGTTCAAAGACTAGCGGGAGGATGTACAGCACAGATACGCAGTATTTT	CASSSKTSGRMYSTDTQYF	TRBV27	TRBJ2-3
TGTGCCAGCAGTTACTCGGGACAGGGGTCACCCCTCCACTTT	CASSYSGQGSPLHF	TRBV6-5	TRBJ1-6
TGTGCCAGCAGGGGGGGGCCTTATCAGCCCCAGCATTTT	CASRGGPYQPQHF	TRBV28	TRBJ1-5
TGTGCCAGCAGCCCTGCACCACTAGCGGGAGGGACAGATACGCAGTATTTT	CASSPAPLAGGTDTQYF	TRBV13	TRBJ2-3
TGTGCCTGGAGGAATCCCTTCTTCAGCAAGTCCCCCGATTACAATGAGCAGTTCTTC	CAWRNPFFSKSPDYNEQFF	TRBV30	TRBJ2-1
TGCAGTGCTAGAGCCACGTGGACTGGTTTGTCCGAGCAGTACTTC	CSARATWTGLSEQYF	TRBV20-1	TRBJ2-7
TGTGCCAGAGGGGGCGCCTCCTACGAGCAGTACTTC	CARGGASYEQYF	TRBV5-6	TRBJ2-7
TGCGCCAGCAGCCAAGCACTGGGGGGGAAAAGCACAGATACGCAGTATTTT	CASSQALGGKSTDTQYF	TRBV4-3	TRBJ2-3
TGTGCCAGCAGCTTATCGAGAAAGTCGGACGTAGGAAACTATGGCTACACCTTC	CASSLSRKSDVGNYGYTF	TRBV5-4	TRBJ1-2
TGTGCCAGCACTGTCCCAGGACGAGGGACGTCACCCCTCCACTTT	CASTVPGRGTSPLHF	TRBV6-4	TRBJ1-6
TGTGCCAGCAGCGTAAGAGGACTAGCGGGTTCAGATACGCAGTATTTT	CASSVRGLAGSDTQYF	TRBV5-4	TRBJ2-3
TGTGCCAGCAGTTTAGGGACCCAAGAGACCCAGTACTTC	CASSLGTQETQYF	TRBV12-3	TRBJ2-5
TGTGCCACCAGTTTGGACGTGGAGACCCAGTACTTC	CATSLDVETQYF	TRBV24-1	TRBJ2-5
TGTGCCAGCAGCGGCGGGGTTTTAACCTACGAGCAGTACTTC	CASSGGVLTYEQYF	TRBV5-6	TRBJ2-7
TGCGCCAGCCCGGCAGTGGGCTACGAGCAGTACTTC	CASPAVGYEQYF	TRBV5-1	TRBJ2-7
TGCAGTGCTCCGACAGGAGTATCCTACGAGCAGTACTTC	CSAPTGVSYEQYF	TRBV20-1	TRBJ2-7
TGTGCCAGCATTGGGCGTGAAGCTTTCTTT	CASIGREAFF	TRBV7-3	TRBJ1-1
TGTGCCAGCAGTTACTCGTTTCGGACACGAAGGAACATTCAGTACTTC	CASSYSFRTRRNIQYF	TRBV6-3	TRBJ2-4
TGTGCCAGCAGGCGACAGGACGCCGCATATAGCAATCAGCCCCAGCATTTT	CASRRQDAAYSNQPQHF	TRBV6-5	TRBJ1-5
TGTGCCAGCAGCGCTGTAAGGGGGGGGAGAAGTAAGGAGACCCAGTACTTC	CASSAVRGGRSKETQYF	TRBV7-9	TRBJ2-5
TGTGCCAGCAGCTGTACGGGACAGGGTGTTGAGGTAACCCAAGAGACCCAGTACTTC	CASSCTGQGVEVTQETQYF	TRBV5-4	TRBJ2-5
TGTGCCAGCAGCCGCCCTGGGGGGGAGGGCGAGGGCTACACCTTC	CASSRPGGEGEGYTF	TRBV7-3	TRBJ1-2
TGTGCCATCATGGCGGGACTAGCAAGCCCGTATCAGTACTTC	CAIMAGLASPYQYF	TRBV10-3	TRBJ2-5
TGCGCCGGGAAAAGTGCGGGGACCTACTACGAGCAGTACTTC	CAGKSAGTYYEQYF	TRBV10-1	TRBJ2-7
TGTGCCAGCAGCTTAGCGTCCTACGAGCAGTACTTC	CASSLASYEQYF	TRBV7-9	TRBJ2-7
TGTGCCAGCAGCTTAACCCGACAGGGCGCAGATAATTCACCCCTCCACTTT	CASSLTRQGADNSPLHF	TRBV7-3	TRBJ1-6
TGTGCCACCAGCAGAGATTGCCGACAGGGCACCGGCCTGCAGCCCCAGCATTTT	CATSRDCRQGTGLQPQHF	TRBV15	TRBJ1-5
TGCAGTCGGTACGAGAGTGAGACCCAGTACTTC	CSRYESETQYF	TRBV20-1	TRBJ2-5
TGTGCCAGCAGTAACGGCTCCGACAGGAAGTTGACCCAGTACTTC	CASSNGSDRKLTQYF	TRBV28	TRBJ2-5
TGCAGTGCTCCCTTCAGCACCGGGGAGCTGTTTTTT	CSAPFSTGELFF	TRBV20-1	TRBJ2-2
TGTGCCAGCGACCCCCCGGACTGTAGCACAGATACGCAGTATTTT	CASDPPDCSTDTQYF	TRBV6-4	TRBJ2-3
TGTGCCAGCAGCCAGGTAATGGCGGGGAGGAACACTGAAGCTTTCTTT	CASSQVMAGRNTEAFF	TRBV7-3	TRBJ1-1
TGTGCCAGCAGAGTCAGGGCTTTCTTT	CASRVRAFF	TRBV12-3	TRBJ1-1
TGTGCCAGCAGTTTGAACGGTAGGAACTACGAGCAGTACTTC	CASSLNGRNYEQYF	TRBV12-4	TRBJ2-7
TGTGCCAAAACCACTAGCGGGAGGATGAACACTGAAGCTTTCTTT	CAKTTSGRMNTEAFF	TRBV7-4	TRBJ1-1
TGTGCCAGCAGTTTAAGACGGCGGGGCGGCTCGGTCAACACTGAAGCTTTCTTT	CASSLRRRGGSVNTEAFF	TRBV27	TRBJ1-1
TGTGCCTGGAGTGTACCGTCCACCCTCCCATCCGGGACAAGGCCCCCCTACAATGAGCAGTTCTTC	CAWSVPSTLPSGTRPPYNEQFF	TRBV30	TRBJ2-1
TGTGCCAGTAGTATTGCTAGGGGGACCGCCTATGGCTACACCTTC	CASSIARGTAYGYTF	TRBV19	TRBJ1-2
TGTGCCAGCAGTTACTCGAGGGGGGGTGACGAGACCCAGTACTTC	CASSYSRGGDETQYF	TRBV6-5	TRBJ2-5
TGTGCCACCAGTGATTTGGTCAAAATAACGACTAGCGGGGGGCTTAGCTACACCGGGGAGCTGTTTTTT	CATSDLVKITTSGGLSYTGELFF	TRBV24-1	TRBJ2-2
TGTGCCAGCAGCCAAGAGACTTGGAACACTGAAGCTTTCTTT	CASSQETWNTEAFF	TRBV3-1	TRBJ1-1
TGCGCCAGCAGCTCCGGGGGCGACACCGGGGAGCTGTTTTTT	CASSSGGDTGELFF	TRBV5-1	TRBJ2-2
TGCGCCAGCAGACTATTAGTGGGGCGTACCTACGAGCAGTACTTC	CASRLLVGRTYEQYF	TRBV10-2	TRBJ2-7
TGTGCCAGCAGGACAGGGAGCGATAATTCACCCCTCCACTTT	CASRTGSDNSPLHF	TRBV6-1	TRBJ1-6
TGTGCCAGCAGCCAAGATCGGACTAGCGGGTGGGAGCTGTTTTTT	CASSQDRTSGWELFF	TRBV3-1	TRBJ2-2
TGCGCCAGCAGCGGCAGGGGGACCGGGGAGCTGTTTTTT	CASSGRGTGELFF	TRBV5-1	TRBJ2-2
TGTGCCAGCAGCGATGGAAGGACATTTCTTCAAGAGACCCAGTACTTC	CASSDGRTFLQETQYF	TRBV9	TRBJ2-5
TGCGCCAGCAGTGACATATTCCGACTTTCGTGGGGTGGGATGGAAAATACGCAGTATTTT	CASSDIFRLSWGGMENTQYF	TRBV10-1	TRBJ2-3
TGCGCCAGCAGCCCCGTGACAGGGGGCTCCTACGAGCAGTACTTC	CASSPVTGGSYEQYF	TRBV5-1	TRBJ2-7
TGTGCCAGCAGCACCGGGGGTAGGCCAGCTTTCTTT	CASSTGGRPAFF	TRBV11-3	TRBJ1-1
TGTGCCTCGAGGCAGGGAGAAAGACCTGAAAAACTGTTTTTT	CASRQGERPEKLFF	TRBV2	TRBJ1-4
TGTGCCAGCAGTTACCGACCTAGTTCCCTTCATACAGATACGCAGTATTTT	CASSYRPSSLHTDTQYF	TRBV6-5	TRBJ2-3
TGTGCCAAACGACAGGGGTACGAGGGGAATTCACCCCTCCACTTT	CAKRQGYEGNSPLHF	TRBV5-6	TRBJ1-6
TGTGCCAGCAGTTACGGAGTGCTAGCGGACACCGTCACGCAGTATTTT	CASSYGVLADTVTQYF	TRBV6-3	TRBJ2-3
TGCAGTGCTAGACAGGGCTACGAGCAGTACTTC	CSARQGYEQYF	TRBV20-1	TRBJ2-7
TGTGCTAGTGGTTCTGGGCGACTAGTCCCCGAAAGCACCGGGGAGCTGTTTTTT	CASGSGRLVPESTGELFF	TRBV12-5	TRBJ2-2
TGTGCCAGCAGCGGGGGGGGACAAAGGGAGCAGTTCTTC	CASSGGGQREQFF	TRBV7-3	TRBJ2-1
TGTGCCTGGAGTGTCGGTGCGAAGCCTTCCTCCTACGAGCAGTACTTC	CAWSVGAKPSSYEQYF	TRBV30	TRBJ2-7
TGCGCCAGCAGTCGAACCGAAACTAGCACAGATACGCAGTATTTT	CASSRTETSTDTQYF	TRBV10-1	TRBJ2-3
TGTGCCTGGAGATTGGACCAGAACACTGAAGCTTTCTTT	CAWRLDQNTEAFF	TRBV30	TRBJ1-1
TGCAGTGCTAGAGAAGTCTTGTCAATGAACACTGAAGCTTTCTTT	CSAREVLSMNTEAFF	TRBV20-1	TRBJ1-1
TGCGCCAGCAGCTTGACCCTTGGTTTACAGGGGCAAGAGACCCAGTACTTC	CASSLTLGLQGQETQYF	TRBV5-1	TRBJ2-5
TGCAGTGCTCCCTCGGAGCCCCAGCATTTT	CSAPSEPQHF	TRBV20-1	TRBJ1-5
TGTGCCAGCAGGAGGGACAGAGGGCCGGAAACCGATTCCTACGAGCAGTACTTC	CASRRDRGPETDSYEQYF	TRBV6-3	TRBJ2-7
TGTGCCAGCAGCCATACGGACAGGGTTTTCCAAGAGACCCAGTACTTC	CASSHTDRVFQETQYF	TRBV7-3	TRBJ2-5
TGTGCCAGCCCCAGCCTAAATTTTAACGAGCAGTACTTC	CASPSLNFNEQYF	TRBV19	TRBJ2-7
TGCGCCAGCGTTACCGCGAGGAGGAGGGGCAGCTCCTACAATGAGCAGTTCTTC	CASVTARRRGSSYNEQFF	TRBV5-1	TRBJ2-1
TGTGCCAGCAGTTACTCGAGATCCTCCTCACGATTAGCCAAAAACATTCAGTACTTC	CASSYSRSSSRLAKNIQYF	TRBV6-5	TRBJ2-4
TGTGCCAGCAGCAATACCGATGACAGGGGGGGCAATCAGCCCCAGCATTTT	CASSNTDDRGGNQPQHF	TRBV3-1	TRBJ1-5
TGTGCCAGCAGCTTACCCAAAAGGGTGGAGAGGTCATACACCTTC	CASSLPKRVERSYTF	TRBV11-2	TRBJ1-2
TGTGCCAGCAGCTTTGCCCTGGCAATCTTC	CASSFALAIF	TRBV7-2	TRBJ2-1
TGTGCCAGCGGAGCGACAGGGGGCTGGTACTTC	CASGATGGWYF	TRBV12-4	TRBJ2-7
TGTGCCAGTAGTATTATTTGCGGGACAATAGGCTACACCTTC	CASSIICGTIGYTF	TRBV19	TRBJ1-2
TGTGCAGGGGGCACTGAAGCTTTCTTT	CAGGTEAFF	TRBV24-1	TRBJ1-1
TGTGCTAGTGGTTTGAACCTGGGGGTCGGGTTCTACAATGAGCAGTTCTTC	CASGLNLGVGFYNEQFF	TRBV12-5	TRBJ2-1
TGTGCCAGCAGCGGAGAACCCGACAGGCCTACCAATCAGCCCCAGCATTTT	CASSGEPDRPTNQPQHF	TRBV9	TRBJ1-5
TGTGCCAGCAGCCGGACAGGGTGGGAAAAACTGTTTTTT	CASSRTGWEKLFF	TRBV3-1	TRBJ1-4
TGTGCCAGCAGTGACCCCTCTAGCGATACCACGCAGTATTTT	CASSDPSSDTTQYF	TRBV6-4	TRBJ2-3
TGTGCCACCATGACAGGGGGCTACGAGCAGTACTTC	CATMTGGYEQYF	TRBV24-1	TRBJ2-7
TGTGCCAGCAGCGCAGGCCGGACAGTAGGTAATGAAAAACTGTTTTTT	CASSAGRTVGNEKLFF	TRBV12-3	TRBJ1-4
TGTGCCAGGGGCCACGGGTCCTACGAGCAGTACTTC	CARGHGSYEQYF	TRBV2	TRBJ2-7
TGTGCCAGCAGTTGCTTAGCAGGGGTATGGGTGAACACCGGGGAGCTGTTTTTT	CASSCLAGVWVNTGELFF	TRBV12-3	TRBJ2-2
TGTGCTAGTGGTTTGGTACAATATAATGTACCCCAGCATTTT	CASGLVQYNVPQHF	TRBV12-5	TRBJ1-5
TGTGCCAGCAGCCGGGACAGGGGTCTCACCGGGGAGCTGTTTTTT	CASSRDRGLTGELFF	TRBV6-1	TRBJ2-2
TGCGAGGCTTCAGGGCTTGTTCATTATAGCAATCAGCCCCAGCATTTT	CEASGLVHYSNQPQHF	TRBV5-1	TRBJ1-5
TGTGCCACCAGTGATTTCTCTAGGGGTGCTTTCTTT	CATSDFSRGAFF	TRBV24-1	TRBJ1-1
TGTGCCAGCAGTTACCTCGGTCCCCGCGGGAGCACAGATACGCAGTATTTT	CASSYLGPRGSTDTQYF	TRBV6-2	TRBJ2-3
TGTGCCAGCAGCGTAGTCAGTCCCGGGACAGCGGATAATGAAAAACTGTTTTTT	CASSVVSPGTADNEKLFF	TRBV9	TRBJ1-4
TGTGCCAGCAGCCTGACGGGACGGTACGAGCAGTACTTC	CASSLTGRYEQYF	TRBV6-5	TRBJ2-7
TGCAGTGCCCCCGGCTCCTCTTCCTCCTACAATGAGCAGTTCTTC	CSAPGSSSSYNEQFF	TRBV20-1	TRBJ2-1
TGTGCCTGGAGTTTTAGGTTCCTAGCGGGGACCCAGTACTTC	CAWSFRFLAGTQYF	TRBV30	TRBJ2-5
TGCAGAGGCCCTCCCAGGGGTGGCTACACCTTC	CRGPPRGGYTF	TRBV20-1	TRBJ1-2
TGTGCCAGCAGCAAGACAAACACTGAAGCTTTCTTT	CASSKTNTEAFF	TRBV13	TRBJ1-1
TGCGCCAGCAGCGAGGGGCGGGGGGACCAGGGGAACCAAGAGACCCAGTACTTC	CASSEGRGDQGNQETQYF	TRBV5-1	TRBJ2-5
TGTGCTAGTGGTTTGGTAATTCCCCCGATTTTCGAACAGCCCCAGCATTTT	CASGLVIPPIFEQPQHF	TRBV12-5	TRBJ1-5
TGTGCCAGCAGCCGCAGGGGGCGGGAGAACACTGAAGCTTTCTTT	CASSRRGRENTEAFF	TRBV5-8	TRBJ1-1
TGTGCCAGCAGTTTGAAGGTTTCGGGGCGCTGGAACTATGGCTACACCTTC	CASSLKVSGRWNYGYTF	TRBV27	TRBJ1-2
TGTGCCGGGGGTGACGGGGAGCTGTTTTTT	CAGGDGELFF	TRBV30	TRBJ2-2
TGTGCCAGCAGCTTAAGCCGCCAAGGACAAGGCACTGAAGCTTTCTTT	CASSLSRQGQGTEAFF	TRBV7-9	TRBJ1-1
TGCAGCGATGGGGCCGGTTATGAGCAGTTCTTC	CSDGAGYEQFF	TRBV29-1	TRBJ2-1
TGCAGTGCTTGGGGGGACAGCGAGTACTTC	CSAWGDSEYF	TRBV20-1	TRBJ2-7
TGTGCCAGCAGCCATGGGACTAGCGGGAAGAAGTTATCCGGGGAGCTGTTTTTT	CASSHGTSGKKLSGELFF	TRBV7-2	TRBJ2-2
TGTGCCAGCAGTGAAGCCCGGAGCGGGTGGGTATTGGCCGGTCAGCCCCAGCATTTT	CASSEARSGWVLAGQPQHF	TRBV6-1	TRBJ1-5
TGTGCCAGCAGAGGGGTTTCGTACGAGCAGTACTTC	CASRGVSYEQYF	TRBV6-4	TRBJ2-7
TGTGCCACCAGCACGTCCGGGGTGTTATCCTACGAGCAGTACTTC	CATSTSGVLSYEQYF	TRBV15	TRBJ2-7
TGTGCCAGAAGGGCCTCTGGGGCCAACGTCCTGACTTTC	CARRASGANVLTF	TRBV19	TRBJ2-6
TGCAGTGCTTGCGCGGGGGGGGTGATTTATGGCTACACCTTC	CSACAGGVIYGYTF	TRBV20-1	TRBJ1-2
TGTGCCAGCAGTTTATTACTAGCGGGCTGGGCCGGGGAGCTGTTTTTT	CASSLLLAGWAGELFF	TRBV28	TRBJ2-2
TGTGCCAGCAGCAAGCAGCCGCGGGAGTTTCAAGAGACCCAGTACTTC	CASSKQPREFQETQYF	TRBV11-3	TRBJ2-5
TGTGCCAGCAGTGACCTAGCGGGGGAGGCGCTAACCCATGAGCAGTTCTTC	CASSDLAGEALTHEQFF	TRBV6-4	TRBJ2-1
TGTGCCAGCAGCGACCCGTCTTCGGGCCCTAATACTAAGCCGAAAGGAGAGACCCAGTACTTC	CASSDPSSGPNTKPKGETQYF	TRBV9	TRBJ2-5
TGTGCCAGCAGTGTGACCGGGAATCAGCCCCAGCATTTT	CASSVTGNQPQHF	TRBV6-1	TRBJ1-5
TGTGCCAGCAGCGACGGCGGGCCCAGGGCTGAGCAGTACTTC	CASSDGGPRAEQYF	TRBV7-8	TRBJ2-7
TGTGCCCCAAATCGGGACAGGGGCTCCTACGAGCAGTACTTC	CAPNRDRGSYEQYF	TRBV19	TRBJ2-7
TGTGCCAGCAGCTCCAGTACTCCCGGGACACGAACTAACTATGGCTACACCTTC	CASSSSTPGTRTNYGYTF	TRBV11-2	TRBJ1-2
TGCAGTGCTGCGTGGGGACTGGGCGAGTCCTACGAGCAGTACTTC	CSAAWGLGESYEQYF	TRBV20-1	TRBJ2-7
TGTGCCAGCAGCAAAGGCGGGACTAGCCCCTACGAGCAGTACTTC	CASSKGGTSPYEQYF	TRBV13	TRBJ2-7
TGTGCCAGCAATTACCGGAGCCGGACACGCCATATATACTCTGGAAACACCATATATTTT	CASNYRSRTRHIYSGNTIYF	TRBV6-1	TRBJ1-3
TGTGCCAGCAGCGGGCCGGGTACAGATACGCAGTATTTT	CASSGPGTDTQYF	TRBV13	TRBJ2-3
TGTGCCAGCAGGACTAGCTACAATGAGCAGTTCTTC	CASRTSYNEQFF	TRBV6-4	TRBJ2-1
TGTGCCAGCAGCGACGTGAGCTCCTACAATGAGCAGTTCTTC	CASSDVSSYNEQFF	TRBV11-2	TRBJ2-1
TGTGCCAGCAGCTCCTTTAGCGGGCGGACCTACAATGAGCAGTTCTTC	CASSSFSGRTYNEQFF	TRBV5-4	TRBJ2-1
TGTGCCAGCAGGCTTAACCCCCGACAGGGGGGGGCATGCTTCGTGAACACCATATATTTT	CASRLNPRQGGACFVNTIYF	TRBV27	TRBJ1-3
TGTGCCACCAGCAGAGGTCCGGGACTACGGAGAGGCTCCTACAATGAGCAGTTCTTC	CATSRGPGLRRGSYNEQFF	TRBV15	TRBJ2-1
TGTGCCCTAGGAACCTACAATGAGCAGTTCTTC	CALGTYNEQFF	TRBV6-1	TRBJ2-1
TGCGCCAGCAGGGCTCGGGGGGTCTACGAGCAGTACTTC	CASRARGVYEQYF	TRBV10-1	TRBJ2-7
TGTGCCAGCAGTTGCAACGGTGGCGAAGAGACCCAGTACTTC	CASSCNGGEETQYF	TRBV27	TRBJ2-5
TGTGCCAGCAGGAACGAGGGCAATCAGCCCCAGCATTTT	CASRNEGNQPQHF	TRBV2	TRBJ1-5
TGTGCCAGCAGTTTATGCGAGGACAGAGAGCAGTACTTC	CASSLCEDREQYF	TRBV28	TRBJ2-7
TGTGCCAGCAGCTTGGCCGATTCCGGGACACGGCCCCCCTCCTACGAGCAGTACTTC	CASSLADSGTRPPSYEQYF	TRBV5-4	TRBJ2-7
TGTGCCAGCAGTTGTCAGGGGACAGTAGCAACTAATGAAAAACTGTTTTTT	CASSCQGTVATNEKLFF	TRBV6-5	TRBJ1-4
TGCGCCAGCAGCTTGGACGGACAGGCCTACAATGAGCAGTTCTTC	CASSLDGQAYNEQFF	TRBV5-1	TRBJ2-1
TGTGCCAGCAGCTTAGTACCCACGGGTTATAGCAATCAGCCCCAGCATTTT	CASSLVPTGYSNQPQHF	TRBV11-3	TRBJ1-5
TGTGCCAGCAGTCTGAAGCAGGGGACCGATCAGCCCCAGCATTTT	CASSLKQGTDQPQHF	TRBV28	TRBJ1-5
TGTGCCAGCAGTGCCGGGACTAGGGGTGATGAGCAGTTCTTC	CASSAGTRGDEQFF	TRBV6-1	TRBJ2-1
TGTGCCAGCAGCTTAGACATTCATAGTACCGCGGACTCCTACGAGCAGTACTTC	CASSLDIHSTADSYEQYF	TRBV7-2	TRBJ2-7
TGTGCCAGCAGCCAAGCGCAAGGTCGGAGCGAGCAGTACTTC	CASSQAQGRSEQYF	TRBV9	TRBJ2-7
TGTGCCAGCAGCTTATCACCACTAGCGGGAGGGCAGGGCGCCAAAAACATTCAGTACTTC	CASSLSPLAGGQGAKNIQYF	TRBV11-2	TRBJ2-4
TGTGCCAGCAGAGGATCCGGCAGAACCTCCTACAATGAGCAGTTCTTC	CASRGSGRTSYNEQFF	TRBV3-1	TRBJ2-1
TGTGCCAGCACACTGTTTCCCGCGGGAGTAGGGTATCAGCCCCAGCATTTT	CASTLFPAGVGYQPQHF	TRBV6-4	TRBJ1-5
TGTGCCAGCAGCCTGAGATGGAGGGGGGGCAGCAATCAGCCCCAGCATTTT	CASSLRWRGGSNQPQHF	TRBV3-1	TRBJ1-5
TGCGCCAGCAGCCAAGATGGAAACGATTCACCCCTCCACTTT	CASSQDGNDSPLHF	TRBV4-3	TRBJ1-6
TGTGCCAGCAGCCTGGGGATCGCCTACGAGCAGTACTTC	CASSLGIAYEQYF	TRBV7-3	TRBJ2-7
TGTGCCAGATGGGGACAGGGGTCGGAGGGGGCCAATCAGCCCCAGCATTTT	CARWGQGSEGANQPQHF	TRBV3-1	TRBJ1-5
TGTGCCAGCAATCCTAAGGGACACCCCGAGCAGTACTTC	CASNPKGHPEQYF	TRBV12-4	TRBJ2-7
TGTGCCAGCAGCAATAGATGGGTGACAGGGGGCTCTATGGACGGGGGAAGGGACTCTACGATGAACACTGAAGCTTTCTTT	CASSNRWVTGGSMDGGRDSTMNTEAFF	TRBV7-4	TRBJ1-1
TGTGCCAGCAGGCCTACTGCGTACGAGCAGTACTTC	CASRPTAYEQYF	TRBV6-5	TRBJ2-7
TGTGCCAGCAGTTCATGGACGGGGCCCCAGCATTTT	CASSSWTGPQHF	TRBV6-5	TRBJ1-5
TGTGCCGCTCCGGGACACACCGGGGAGCTGTTTTTT	CAAPGHTGELFF	TRBV12-5	TRBJ2-2
TGTGCCAGCAGAGGGACGTTTCAGCCCCAGCATTTT	CASRGTFQPQHF	TRBV6-3	TRBJ1-5
TGTGCCAGCTCGGTGGCAGGGAAGAAACACACTGAAGCTTTCTTT	CASSVAGKKHTEAFF	TRBV18	TRBJ1-1
TGCGCCAGCAGCCAAGATATTTGCGAGCAGTACTTC	CASSQDICEQYF	TRBV4-3	TRBJ2-7
TGTGCCTGGGTTACTAGCGCCCCAGCTTACGAGCAGTACTTC	CAWVTSAPAYEQYF	TRBV25-1	TRBJ2-7
TGCAGTGCTAGCGTACACGCAGAGACCCAGTACTTC	CSASVHAETQYF	TRBV20-1	TRBJ2-5
TGTGCCAGCAGCTTGTTAACAGGCCCCGAAGTCCTCAATCAGCCCCAGCATTTT	CASSLLTGPEVLNQPQHF	TRBV5-6	TRBJ1-5
TGTGCCCTGACAGGGGTCTATGGCTACACCTTC	CALTGVYGYTF	TRBV15	TRBJ1-2
TGTGCCACCAAGCATCTTTCCGGCTACACCTTC	CATKHLSGYTF	TRBV15	TRBJ1-2
TGTGCCACCAGCCCTAGAGTACGACTGAGGGTTCCTAGCAATCAGCCCCAGCATTTT	CATSPRVRLRVPSNQPQHF	TRBV24-1	TRBJ1-5
TGTGCCACCAGTTCCCAGGGGGAGTCCTACAATGAGCAGTTCTTC	CATSSQGESYNEQFF	TRBV24-1	TRBJ2-1
TGTGCCACCAGCAGAGATCAAGGGGTCAGGGAAAGGCAACTGTTTTTT	CATSRDQGVRERQLFF	TRBV15	TRBJ1-4
TGCAGTGCGGGGACAGGGAGCAATCAGCCCCAGCATTTT	CSAGTGSNQPQHF	TRBV20-1	TRBJ1-5
TGTGCCAGCAGCCGTTCCGTCGACCTTAACTACAATGAGCAGTTCTTC	CASSRSVDLNYNEQFF	TRBV5-8	TRBJ2-1
TGTGCCAGCAGCCAAGAGGAGTATAGCGGGACCGGGGATACGCAGTATTTT	CASSQEEYSGTGDTQYF	TRBV3-1	TRBJ2-3
TGTGCCAGCACTGGGGTACATGATAGCAATCAGCCCCAGCATTTT	CASTGVHDSNQPQHF	TRBV7-7	TRBJ1-5
TGTGCCAGCAGCTTAGCCCCGGGATCGGAATGTCTAGGCTACACCTTC	CASSLAPGSECLGYTF	TRBV11-3	TRBJ1-2
TGTGCCAGCAGTTACCCGCTTTACAGGGAATCCACTGAAGCTTTCTTT	CASSYPLYRESTEAFF	TRBV6-5	TRBJ1-1
TGTGCCAGCAGCTCCACGGGAGGCAGTTCCTACGAGCAGTACTTC	CASSSTGGSSYEQYF	TRBV7-8	TRBJ2-7
TGTGCCTGGAGTAATGACTCGATGAACACTGAAGCTTTCTTT	CAWSNDSMNTEAFF	TRBV30	TRBJ1-1
TGTGCCAGGTTCATAGGGGCGCACAAAGAGACCCAGTACTTC	CARFIGAHKETQYF	TRBV27	TRBJ2-5
TGTGCCAGCGGAGAGGGCACAGATACGCAGTATTTT	CASGEGTDTQYF	TRBV27	TRBJ2-3
TGCGCCAGCAGCTTACTGTCTTTCCAAGAGACCCAGTACTTC	CASSLLSFQETQYF	TRBV5-1	TRBJ2-5
TGTGCCAGCAGCCAAGATCGGGGGAAAATCTCTGGAAACACCATATATTTT	CASSQDRGKISGNTIYF	TRBV14	TRBJ1-3
TGTGCCAGCTCACCTCTAGGGAACACTGAAGCTTTCTTT	CASSPLGNTEAFF	TRBV18	TRBJ1-1
TGTGCCAGTAGTTTGAGTCTGACTGGTGAACTCACTGAAGCTTTCTTT	CASSLSLTGELTEAFF	TRBV19	TRBJ1-1
TGTGCCAGCAGTTCGAGAAGGGCTAGCGGGGAGAGTAGCACAGATACGCAGTATTTT	CASSSRRASGESSTDTQYF	TRBV27	TRBJ2-3
TGTGCCAGCAGTTGGCCGGACACCTACGAGCAGTACTTC	CASSWPDTYEQYF	TRBV27	TRBJ2-7
TGTGCCAGCAGACGTGGGTCGGACAGGTTCTCTGGAAACACCATATATTTT	CASRRGSDRFSGNTIYF	TRBV28	TRBJ1-3
TGTGCCAGTAGTATCCCATGGGACATTATCCATAATACCTCTGGGGCCAACGTCCTGACTTTC	CASSIPWDIIHNTSGANVLTF	TRBV19	TRBJ2-6
TGTGCCAGCAGCCCCTTCAGGGGGAACACTGAAGCTTTCTTT	CASSPFRGNTEAFF	TRBV3-1	TRBJ1-1
TGTGCCAGCAGCTTGGGAGGGGCACGGGACAAACACTGCTCTAGCACAGATACGCAGTATTTT	CASSLGGARDKHCSSTDTQYF	TRBV5-6	TRBJ2-3
TGCAGCGTTGGGATGGGGGGGAAGGACAACTACGAGCAGTACTTC	CSVGMGGKDNYEQYF	TRBV29-1	TRBJ2-7
TGCAGTGCTAGGGATAGTACCTACGAGCAGTACTTC	CSARDSTYEQYF	TRBV20-1	TRBJ2-7
TGTGCTAGCAGCTTAGCGCGCGACAGGTGTAACACTGAAGCTTTCTTT	CASSLARDRCNTEAFF	TRBV7-7	TRBJ1-1
TGCAGTGCTGGAGTCCCGGGGGGTAAGTACAATGAGCAGTTCTTC	CSAGVPGGKYNEQFF	TRBV20-1	TRBJ2-1
TGTGCCAGCCCTTATGCGGGAGGAAATCAGCCCCAGCATTTT	CASPYAGGNQPQHF	TRBV5-8	TRBJ1-5
TGCGCCAGCAGCAGCCCCGGGGAAACCGGGGAGCTGTTTTTT	CASSSPGETGELFF	TRBV5-1	TRBJ2-2
TGTGCCAGCTTTTTGACCCAGCATTTT	CASFLTQHF	TRBV27	TRBJ1-5
TGTGCCAGCAGCTGGGGCAACCACCATCAGCCCCAGCATTTT	CASSWGNHHQPQHF	TRBV7-3	TRBJ1-5
TGTGCCAGCAGCTTAGAGGTCGGGGGGGGGGGCTCACGCTACGAGCAGTACTTC	CASSLEVGGGGSRYEQYF	TRBV11-3	TRBJ2-7
TGTGCCAGTCCAGCCGACAGGGGGGGGTCTAACTATGGCTACACCTTC	CASPADRGGSNYGYTF	TRBV6-4	TRBJ1-2
TGCGCCATAGTGCCCCGCCTTTGGGCTGGATACGATAGCAATCAGCCCCAGCATTTT	CAIVPRLWAGYDSNQPQHF	TRBV5-1	TRBJ1-5
TGTGCCAGCAGCGTAGAGATAAGGGGGGCCTACGAGCAGTACTTC	CASSVEIRGAYEQYF	TRBV9	TRBJ2-7
TGTGCCAGCAGTTTTACCGGGACTAGCGGGGGTGATACGCAGTATTTT	CASSFTGTSGGDTQYF	TRBV12-4	TRBJ2-3
TGTGCCACCACTAGCGGGAGTGGCTCCTACGAGCAGTACTTC	CATTSGSGSYEQYF	TRBV24-1	TRBJ2-7
TGTGCCAGCAGTTTGCCATACCCGGAGGACGGCTACGAGCAGTACTTC	CASSLPYPEDGYEQYF	TRBV28	TRBJ2-7
TGTGCCAGCAGCTTTGAAAGAGGTGGGACTAGCGGGGGGTTAACCCGCACAGATACGCAGTATTTT	CASSFERGGTSGGLTRTDTQYF	TRBV11-2	TRBJ2-3
TGTGCCAGCCACAGGGTTGATTGGTCTTATGGCTACACCTTC	CASHRVDWSYGYTF	TRBV6-3	TRBJ1-2
TGTGCCAGCAGCCCGCGGGCCAGGGACGACTATAGCAATCAGCCCCAGCATTTT	CASSPRARDDYSNQPQHF	TRBV13	TRBJ1-5
TGTGCCAGCAGGAGATTGGGACAGGGGGAAGAGACCCAGTACTTC	CASRRLGQGEETQYF	TRBV7-9	TRBJ2-5
TGCGCCAGCAGCCACCGGGACCTCGTGAACGGAGAGACCCAGTACTTC	CASSHRDLVNGETQYF	TRBV4-3	TRBJ2-5
TGTGCCAGCAGCTTAGGTAAAGGGGGGGGACACCGAAGCACTGAAGCTTTCTTT	CASSLGKGGGHRSTEAFF	TRBV7-9	TRBJ1-1
TGCAGCGTTGGGGTTTTAACTAGCGGGAGGGACGGAAACACCATATATTTT	CSVGVLTSGRDGNTIYF	TRBV29-1	TRBJ1-3
TGTGCCAGCAGCCCTGGGGGGCCGAACACTGAAGCTTTCTTT	CASSPGGPNTEAFF	TRBV14	TRBJ1-1
TGTGCCAGCAGTGATCTCCGGGACAGAGCTGAAGCTTTCTTT	CASSDLRDRAEAFF	TRBV6-5	TRBJ1-1
TGTGCTAGCAGCTGTAGGGGACAGGTAGCGGTTTGCAATCAGCCCCAGCATTTT	CASSCRGQVAVCNQPQHF	TRBV7-7	TRBJ1-5
TGTGCCAGTAGCCGGCAGCCAGGGGGGGGTCCCACAGATACGCAGTATTTT	CASSRQPGGGPTDTQYF	TRBV19	TRBJ2-3
TGTGCCAGCAGTAAGGCTGCGGGAGTAGAGGCTAACTATGGCTACACCTTC	CASSKAAGVEANYGYTF	TRBV6-2	TRBJ1-2
TGTGCCAGCAGTGAAAATGCGGGATGGATAGAGACCCAGTACTTC	CASSENAGWIETQYF	TRBV6-4	TRBJ2-5
TGTGCCAGCAGCTCCAGAGGTAGCGGGGTAGCCAAAAACATTCAGTACTTC	CASSSRGSGVAKNIQYF	TRBV7-9	TRBJ2-4
TGCGCCAGCAGCATCCAAAGGACAGGAACAGATACGCAGTATTTT	CASSIQRTGTDTQYF	TRBV5-1	TRBJ2-3
TGTGCCAGCCTATACGGGGATACGCAGTATTTT	CASLYGDTQYF	TRBV28	TRBJ2-3
TGTGCCATCAGTGAGTCTGGGTTCTTCAGGGCTGGGTCTAGCACAGATACGCAGTATTTT	CAISESGFFRAGSSTDTQYF	TRBV10-3	TRBJ2-3
TGTGCCACCAGTGATTCTTGGGGGCGCGCACAAGAGACCCAGTACTTC	CATSDSWGRAQETQYF	TRBV24-1	TRBJ2-5
TGTGCCAGAGCTGCCGGCGCCGGGGAGCTGTTTTTT	CARAAGAGELFF	TRBV2	TRBJ2-2
TGTGCCAGCAGCGTCCCGGGACCAGGCGAGCAGTACTTC	CASSVPGPGEQYF	TRBV9	TRBJ2-7
TGTGCCAGCAGCCTACAGGACAGGGGTACCCCGGAACACACAGATACGCAGTATTTT	CASSLQDRGTPEHTDTQYF	TRBV3-1	TRBJ2-3
TGTGCCAGCGAGACTGCAGACAATGAGCAGTTCTTC	CASETADNEQFF	TRBV27	TRBJ2-1
TGTGCCAGCAGAGGGAAAAAACTGTTTTTT	CASRGKKLFF	TRBV5-6	TRBJ1-4
TGTGCCAGCAGTTACGAGCCCTACGAGCAGTACTTC	CASSYEPYEQYF	TRBV6-5	TRBJ2-7
TGTGCCAGCAGTACTGCCGAACATCAGCCCCAGCATTTT	CASSTAEHQPQHF	TRBV6-5	TRBJ1-5
TGTGCCAGCTCACCATTTCGTGGAGTCTGGGACAGGGTCAGGGGCACCTTC	CASSPFRGVWDRVRGTF	TRBV18	TRBJ1-2
TGTGGTCCAGGGACAGGGGGTCAAATAACGACTTATTGGTATAGCAATCAGCCCCAGCATTTT	CGPGTGGQITTYWYSNQPQHF	TRBV27	TRBJ1-5
TGTGCCAGCAGCGACAGCGGGAAGAGTGGCTACACCTTC	CASSDSGKSGYTF	TRBV5-8	TRBJ1-2
TGCGCCAGCAGCTTCTGGGGGACAGGGGACACGGGTGCAACTAATGAAAAACTGTTTTTT	CASSFWGTGDTGATNEKLFF	TRBV5-1	TRBJ1-4
TGTTTGTATGCCATTCCTTCTGTCAACATTCAGTACTTC	CLYAIPSVNIQYF	TRBV30	TRBJ2-4
TGTGCCGCGGGACCTGACTTCAATCAGCCCCAGCATTTT	CAAGPDFNQPQHF	TRBV10-3	TRBJ1-5
TGTGCCAGCAGCCCAAATAGGGGCGAGCAGTACTTC	CASSPNRGEQYF	TRBV3-1	TRBJ2-7
TGTGCTAGTGTGCGGCGCGGGGAGCTGTTTTTT	CASVRRGELFF	TRBV12-5	TRBJ2-2
TGTGCCAGCAGTTACCGAATAGTCCACGAGCAGTACTTC	CASSYRIVHEQYF	TRBV6-5	TRBJ2-7
TGTGCTAGTGGTTTGGTACGTCCGGGGGCCATGTACGAGCAGTACTTC	CASGLVRPGAMYEQYF	TRBV12-5	TRBJ2-7
TGTGCCAGCAGTGGGCGGAGGGCACCTTACAATGAGCAGTTCTTC	CASSGRRAPYNEQFF	TRBV6-4	TRBJ2-1
TGCGCCAGCAGTGAACTAGCACGGAATGAGCAGTTCTTC	CASSELARNEQFF	TRBV10-1	TRBJ2-1
TGTGCCAGCAGCAAACTGGGCACTGAAGCTTTCTTT	CASSKLGTEAFF	TRBV7-3	TRBJ1-1
TGTGCCAGCAGTACAGGTGAAAAACTGTTTTTT	CASSTGEKLFF	TRBV6-5	TRBJ1-4
TGTGCCAGCAGTAACCCTGCTAGCGGGGCCGATGGTCGCGGTCGCACCGGGGAGCTGTTTTTT	CASSNPASGADGRGRTGELFF	TRBV6-2	TRBJ2-2
TGTGCCACAGTGGGTCAGCCCCAGCATTTT	CATVGQPQHF	TRBV19	TRBJ1-5
TGCAGTGCTAAGACAGGGGCTTACAATCAGCCCCAGCATTTT	CSAKTGAYNQPQHF	TRBV20-1	TRBJ1-5
TGTGCCAGCAGTTTGTCCCACGGGACTAGCGGGGGGATAATAACTGGCACAGATACGCAGTATTTT	CASSLSHGTSGGIITGTDTQYF	TRBV27	TRBJ2-3
TGTGCTAGGGGGGGGCCGTTAAGTCACGAGCAGTACTTC	CARGGPLSHEQYF	TRBV11-3	TRBJ2-7
TGTGCCACCAGTGAGGGCCCAAGCAATCAGCCCCAGCATTTT	CATSEGPSNQPQHF	TRBV24-1	TRBJ1-5
TGCGCCAGCAGTGAGCATTACGGAGCCTGGGAGACCCAGTACTTC	CASSEHYGAWETQYF	TRBV10-1	TRBJ2-5
TGTGCCACCAGTGCGCTAGCGGGTCCCTACGAGCAGTACTTC	CATSALAGPYEQYF	TRBV24-1	TRBJ2-7
TGTGCCAGCAGTTACTCGCAAAGGCCGGCTGAAGCTTTCTTT	CASSYSQRPAEAFF	TRBV6-6	TRBJ1-1
TGCAGTGCTAGTGCCATCGGACAGAACACCATATATTTT	CSASAIGQNTIYF	TRBV20-1	TRBJ1-3
TGTGCCAGCAGCGGAGGGACAGGCAGAATGTATTCACCCCTCCACTTT	CASSGGTGRMYSPLHF	TRBV11-3	TRBJ1-6
TGTGCCAGCAGCCCCGGGACAGAAAACATTCAGTACTTC	CASSPGTENIQYF	TRBV7-3	TRBJ2-4
TGTGCCAGCAGCAGACGGCCCGGGACAGCATTGACCGATGGCTACACCTTC	CASSRRPGTALTDGYTF	TRBV9	TRBJ1-2
TGTGCCAGCAGTTATTGTATTTGCAATGAGCAGTTCTTC	CASSYCICNEQFF	TRBV25-1	TRBJ2-1
TGTGCCACCAGTGGGCAGGCTTACTACGAGCAGTACTTC	CATSGQAYYEQYF	TRBV24-1	TRBJ2-7
TGTGCCAGCAGCTTATCGAAGCAGTGGGAAAAACTGTTTTTT	CASSLSKQWEKLFF	TRBV7-9	TRBJ1-4
TGCGCCAGCAGCTTGTTCGGGAGAGATACGCAGTATTTT	CASSLFGRDTQYF	TRBV5-1	TRBJ2-3
TGTGCCAGCAGTTACACGAGGGGGAACTATGGCTACACCTTC	CASSYTRGNYGYTF	TRBV6-5	TRBJ1-2
TGTGCCAGATCCGCCGGCCCCCAGGGCGGGGAGCTGTTTTTT	CARSAGPQGGELFF	TRBV19	TRBJ2-2
TGTGCCAGCAGCCAATTGACTGATTGTAAGGTGTCTCCCCACACAACTGGTGAAAAACTGTTTTTT	CASSQLTDCKVSPHTTGEKLFF	TRBV4-2	TRBJ1-4
TGTGCCTGGCCGCAAGCAGGGGGCACTAATGAAAAACTGTTTTTT	CAWPQAGGTNEKLFF	TRBV30	TRBJ1-4
TGTGCCTACCTAGCGGCCTACGAGCAGTACTTC	CAYLAAYEQYF	TRBV12-3	TRBJ2-7
TGTGCCAGCAGCGTAAGAGCGGAGGTCCAAGAGACCCAGTACTTC	CASSVRAEVQETQYF	TRBV13	TRBJ2-5
TGTGCCAGCAGAATGGCAAGGACAGCAGGGGTGTACACTGAAGCTTTCTTT	CASRMARTAGVYTEAFF	TRBV28	TRBJ1-1
TGTGCCATCAGACGGTGTCAAGAGACCCAGTACTTC	CAIRRCQETQYF	TRBV7-9	TRBJ2-5
TGTGCCAGTGGGACAGAACGTGGCACAGATACGCAGTATTTT	CASGTERGTDTQYF	TRBV7-2	TRBJ2-3
TGTCGGGACAGGGGGAGCACAGATACGCAGTATTTT	CRDRGSTDTQYF	TRBV7-9	TRBJ2-3
TGCAGGGGACAGGGAAGTGCCAATCAGCCCCAGCATTTT	CRGQGSANQPQHF	TRBV29-1	TRBJ1-5
TGTGCCACCGCTTGGGGTGAAGTGACTCATGAAAAACTGTTTTTT	CATAWGEVTHEKLFF	TRBV24-1	TRBJ1-4
TGTGCCACCCGTTTTTCATGCTATTCACCCCTCCACTTT	CATRFSCYSPLHF	TRBV13	TRBJ1-6
TGTGCCAGCAGTCCGAGGCAATTTGCTTCAGATACGCAGTATTTT	CASSPRQFASDTQYF	TRBV28	TRBJ2-3
TGTGAACTTGGGACTGGCTACACCTTC	CELGTGYTF	TRBV12-3	TRBJ1-2
TGTGCCAGCAGCCACGAACAGAGAGGGGAAAAACTGTTTTTT	CASSHEQRGEKLFF	TRBV6-4	TRBJ1-4
TGTGCCAGCAGTGAGTTACTGTGGGGCCCACGCACAGATACGCAGTATTTT	CASSELLWGPRTDTQYF	TRBV25-1	TRBJ2-3
TGTGCCAGCAGGCTTTCTTCTAGCGGTGTTGAGACCCAGTACTTC	CASRLSSSGVETQYF	TRBV6-5	TRBJ2-5
TGTGCCACCAGTGGGCCGGGGAGGGACTGGAGCAATCAGCCCCAGCATTTT	CATSGPGRDWSNQPQHF	TRBV24-1	TRBJ1-5
TGTGCCAGCAGTGGAGATCCCTATAGAGTCCTGTCCTACGAGCAGTACTTC	CASSGDPYRVLSYEQYF	TRBV6-1	TRBJ2-7
TGTGCTAGTGGTTTGGTAGACAAGAATGAGCAGTTCTTC	CASGLVDKNEQFF	TRBV12-5	TRBJ2-1
TGTGCCAGCAGCCAGGATGCCGGGACAGGGCGGGGGAACACTGAAGCTTTCTTT	CASSQDAGTGRGNTEAFF	TRBV11-3	TRBJ1-1
TGCAGCGACTGGGGAACGGAGGCTGAGCAGTTCTTC	CSDWGTEAEQFF	TRBV29-1	TRBJ2-1
TGTGCCAGCAGCCAACCCCCCTCGGGAGGGAGCCGGGGCACCGGGGAGCTGTTTTTT	CASSQPPSGGSRGTGELFF	TRBV3-1	TRBJ2-2
TGTGCCAGCAGCTTATACTCCTATGAGGGCAGTGGGCAGTTCTTC	CASSLYSYEGSGQFF	TRBV7-2	TRBJ2-1
TGTGCCAGCAGCTCATCCCTAAGGACAGGGGAGGGGGCCCTAGCCAAAAACATTCAGTACTTC	CASSSSLRTGEGALAKNIQYF	TRBV7-4	TRBJ2-4
TGTGCCAGCAGGGTGAGGGATCGCACTGAAGCTTTCTTT	CASRVRDRTEAFF	TRBV27	TRBJ1-1
TGTGCCAGCAGCGGGGTTGGGGGCCTCCTGACTGGGGCCAACGTCCTGACTTTC	CASSGVGGLLTGANVLTF	TRBV5-4	TRBJ2-6
TGTGCCAGCAGCTTTCCCCTACCGGGCTTAGGCGAGCAGTACTTC	CASSFPLPGLGEQYF	TRBV9	TRBJ2-7
TGTGCCAGTATTGGGGCATTGGATGAGCAGTTCTTC	CASIGALDEQFF	TRBV19	TRBJ2-1
TGTGCCAGCAGCTCGGACCAATACAATGAGCAGTTCTTC	CASSSDQYNEQFF	TRBV11-2	TRBJ2-1
TGTGCCAGTAGTGAGGGACAGGACACCTTC	CASSEGQDTF	TRBV19	TRBJ1-2
TGTGCCAGCTTAAGAGAGGGAGTCCAGCCCCAGCATTTT	CASLREGVQPQHF	TRBV6-5	TRBJ1-5
TGTGCCAGCAGCTTCTTCGGGGAGTGGTACTCCTACAATGAGCAGTTCTTC	CASSFFGEWYSYNEQFF	TRBV7-7	TRBJ2-1
TGTGCCAGCAGCGAACAGGGCTGCAACGAGCAGTACTTC	CASSEQGCNEQYF	TRBV13	TRBJ2-7
TGTGCCAGCAGTCATCAGGGGCCGAGGTACAATGAGCAGTTCTTC	CASSHQGPRYNEQFF	TRBV6-3	TRBJ2-1
TGTGCCCGTTTGACCTGGGTCGGCGAGCAGTACTTC	CARLTWVGEQYF	TRBV19	TRBJ2-7
TGTGCCCAGACTAATGCCGGGGGGGCCGCCTCCTACAATGAGCAGTTCTTC	CAQTNAGGAASYNEQFF	TRBV12-3	TRBJ2-1
TGCGCCAGCAGCCTAGGGACGGTCAAAGCGAGCACAGATACGCAGTATTTT	CASSLGTVKASTDTQYF	TRBV5-1	TRBJ2-3
TGTGCCAGCAGCGTAGGTGAAGAGGGGGCGCACCTTAAAAATCAGCCCCAGCATTTT	CASSVGEEGAHLKNQPQHF	TRBV9	TRBJ1-5
TGTGCCAGCAATCCCTCTTGGGACAGGGCGAACACTGAAGCTTTCTTT	CASNPSWDRANTEAFF	TRBV27	TRBJ1-1
TGCAGTGCGGAACGCGCAGACTACGAGCAGTACTTC	CSAERADYEQYF	TRBV20-1	TRBJ2-7
TGTGCCAGCAGTGCTGGACGAGCCTACGAGCAGTACTTC	CASSAGRAYEQYF	TRBV6-4	TRBJ2-7
TGTGCTAGTGGTAGTGGAGGGCGCACAGATACGCAGTATTTT	CASGSGGRTDTQYF	TRBV12-5	TRBJ2-3
TGTGCCAGCAGGGAGGGCTACTGGCTGGACGAGCAGTACTTC	CASREGYWLDEQYF	TRBV6-1	TRBJ2-7
TGTGCCAGCAGCTTGACCTCAACTAGGGTTATGGAGCTGTTTTTT	CASSLTSTRVMELFF	TRBV5-6	TRBJ2-2
TGTGCCAGCAGTGAATACGTCGGAGACAGAGAAGGGTACGAGCAGTACTTC	CASSEYVGDREGYEQYF	TRBV25-1	TRBJ2-7
TGTGCCACCAGCAGAGATATTTTCGGACGGTTAGCACTAGCCAAAAACATTCAGTACTTC	CATSRDIFGRLALAKNIQYF	TRBV15	TRBJ2-4
TGCGCCAGCATCTTCGAAGGGCGCATCTACAATGAGCAGTTCTTC	CASIFEGRIYNEQFF	TRBV4-3	TRBJ2-1
TGCAGTGCTTGTAAAAGAGGGGTGCTAAAGAACACCGGGGAGCTGTTTTTT	CSACKRGVLKNTGELFF	TRBV20-1	TRBJ2-2
TGTGCCAGCTGTCCTTGGGGACAGAGTAACAGCGAGCAGTACTTC	CASCPWGQSNSEQYF	TRBV6-3	TRBJ2-7
TGTGCCAGCAGTGGGACTTCAGTAAGACCGGCCGTACGCAATCAGCCCCAGCATTTT	CASSGTSVRPAVRNQPQHF	TRBV25-1	TRBJ1-5
TGCAGCGTTGCATTGGGGACAGCTACACTTGCAACTAATGAAAAACTGTTTTTT	CSVALGTATLATNEKLFF	TRBV29-1	TRBJ1-4
TGTGCCATCAGTAGGGGACTAGCGGGGGGGCGCCGGAACAATGAGCAGTTCTTC	CAISRGLAGGRRNNEQFF	TRBV10-3	TRBJ2-1
TGTGCCAGCAGTCTCCACATTCACAATGAGCAGTTCTTC	CASSLHIHNEQFF	TRBV27	TRBJ2-1
TGCGCCAGCAGCTTTGGAAGGACAGGGAAGGCCAATCAGCCCCAGCATTTT	CASSFGRTGKANQPQHF	TRBV5-1	TRBJ1-5
TGTGCCAGCAGCTTAAGTCTGGGACTGAGGACAGATACGCAGTATTTT	CASSLSLGLRTDTQYF	TRBV7-3	TRBJ2-3
TGTGCCAGCAGCGGGAACTGCCCGGGACAGGGGCTCCCAGCCCATGAAAAACTGTTTTTT	CASSGNCPGQGLPAHEKLFF	TRBV7-6	TRBJ1-4
TGTGCCATCAGTGAGTTGGGGAGGGGATACAATGAGCAGTTCTTC	CAISELGRGYNEQFF	TRBV10-3	TRBJ2-1
TGTGCCAGCAGTTACCTATCTTCTCGACAGGGGGGGGACGAGCAGTACTTC	CASSYLSSRQGGDEQYF	TRBV6-5	TRBJ2-7
TGTGCCAGCAGCTTAAGCGCAGGTCTACCCGAGCAGTACTTC	CASSLSAGLPEQYF	TRBV11-3	TRBJ2-7
TGTGCCAGGCCGCGGGAGTCTAGCACAGATACGCAGTATTTT	CARPRESSTDTQYF	TRBV28	TRBJ2-3
TGTGCCAGTAGTACCTCGAGGGCCCGGGAGACCCAGTACTTC	CASSTSRARETQYF	TRBV19	TRBJ2-5
TGTGCCAGCAGCACTAACGGGACAGGGTCTAACTATGGCTACACCTTC	CASSTNGTGSNYGYTF	TRBV11-3	TRBJ1-2
TGCAGTGCTAGAGATCGGGCGGTCCCCTGGGTGTACCATCAGCCCCAGCATTTT	CSARDRAVPWVYHQPQHF	TRBV20-1	TRBJ1-5
TGCAGTGCTAGAGTTAGGGACGGGACTAGCGCCCCTTCAGATACGCAGTATTTT	CSARVRDGTSAPSDTQYF	TRBV20-1	TRBJ2-3
TGTGCCACGGTAGCATACGAGCAGTACTTC	CATVAYEQYF	TRBV24-1	TRBJ2-7
TGTGCCAGCAGCTTGCTGTTCCGCTCCGGGACAGAGCTCTATGGCTACACCTTC	CASSLLFRSGTELYGYTF	TRBV5-6	TRBJ1-2
TGTGCCAGCAGTATCCTCCCGGGATCAGAAGAGACCCAGTACTTC	CASSILPGSEETQYF	TRBV28	TRBJ2-5
TGTGCCAGCAGGGGACAGTGGCGCAATCAGCCCCAGCATTTT	CASRGQWRNQPQHF	TRBV9	TRBJ1-5
TGCGCCAGCAGTGAAGAGATGGGCTACGAGCAGTACTTC	CASSEEMGYEQYF	TRBV10-1	TRBJ2-7
TGTGCCAGCAGCCCACAGGGTTCTTCGGGTTACGAGCAGTACTTC	CASSPQGSSGYEQYF	TRBV7-2	TRBJ2-7
TGTGCCAGCTCACTGCGAAATTACGACAGGAATAAGGGGTGTGGGGCCAACGTCCTGACTTTC	CASSLRNYDRNKGCGANVLTF	TRBV18	TRBJ2-6
TGTGCCAGCAGCAGGGGACTAGTCACAGATACGCAGTATTTT	CASSRGLVTDTQYF	TRBV13	TRBJ2-3
TGCGCCAGCAGCCAAGAGGGGTACAGCCCTAGCACAGATACGCAGTATTTT	CASSQEGYSPSTDTQYF	TRBV4-3	TRBJ2-3
TGTGCCAGCAGCAAAAGCGGGACACCATACGAGCAGTACTTC	CASSKSGTPYEQYF	TRBV11-3	TRBJ2-7
TGTGCCAGCAGCCAAACCATCCGGGACAGGGGGCACACTGAAGCTTTCTTT	CASSQTIRDRGHTEAFF	TRBV7-4	TRBJ1-1
TGTGCCAGCAGTACTGTGCTAGAAGGCTACGAGCAGTACTTC	CASSTVLEGYEQYF	TRBV27	TRBJ2-7
TGTGCCACCAGTGATTCTGGCGGGACAGGGGCGAACTATGGCTACACCTTC	CATSDSGGTGANYGYTF	TRBV24-1	TRBJ1-2
TGTGCCAGTAGTTCCCAGACTAGAGGAGAGACCCAGTACTTC	CASSSQTRGETQYF	TRBV19	TRBJ2-5
TGCGCCAGCAGGAAAGGGGGCCTTAACTACGAGCAGTACTTC	CASRKGGLNYEQYF	TRBV5-1	TRBJ2-7
TGTGCCAGCAGTTTATACGCAAAACAGGTGTATGGCTACACCTTC	CASSLYAKQVYGYTF	TRBV27	TRBJ1-2
TGTGCCTGGTTAATCCGGGACAGGGGGCGCTGCACAGACACTGAAGCTTTCTTT	CAWLIRDRGRCTDTEAFF	TRBV30	TRBJ1-1
TGCGCCAGCAGTGAGCCTGGGACAGGCAGGAGGGGTCAAGAGACCCAGTACTTC	CASSEPGTGRRGQETQYF	TRBV10-1	TRBJ2-5
TGTGCCACCAGCGTCAGAACGAACACTGAAGCTTTCTTT	CATSVRTNTEAFF	TRBV15	TRBJ1-1
TGTGCCAGCAGCAGGAGCCCGGGACAGGGTTGCTATGGCTACACCTTC	CASSRSPGQGCYGYTF	TRBV7-9	TRBJ1-2
TGTGCCTGGAGTGTACCATGTAGCGGCCAAAACAATGAGCAGTTCTTC	CAWSVPCSGQNNEQFF	TRBV30	TRBJ2-1
TGTGCCAGCAGTTTATCCTGGATACGTGAAAAACTGTTTTTT	CASSLSWIREKLFF	TRBV28	TRBJ1-4
TGTGCCAGCAGCTGTGGACTAGCGGGCGGGAACAATGAGCAGTTCTTC	CASSCGLAGGNNEQFF	TRBV11-2	TRBJ2-1
TGCGCCAGCAGCTTGCCTCGGGACAGGGGGACCCAGTACTTC	CASSLPRDRGTQYF	TRBV5-1	TRBJ2-5
TGTGCCAGCAGCTTCCGGGGACTAGCGGGGGGGCACAATGAGCAGTTCTTC	CASSFRGLAGGHNEQFF	TRBV11-2	TRBJ2-1
TGTGCCACCAGTGTTAATGACCCCCGGAAACAGCCCCAGCATTTT	CATSVNDPRKQPQHF	TRBV24-1	TRBJ1-5
TGCAGTGCGTCCCCTACCTCCAGCGAGCAGTACTTC	CSASPTSSEQYF	TRBV20-1	TRBJ2-7
TGTGCCAGCAGCGGCCCCGGTACCCTTAACGAGCAGTACTTC	CASSGPGTLNEQYF	TRBV11-3	TRBJ2-7
TGTGCCAGCACTAGCACGACGCAACTGTTTTTT	CASTSTTQLFF	TRBV6-5	TRBJ1-4
TGTGCCAGCAGCACGTTCAGGGGGGGGGCCGAAGACTACGAGCAGTACTTC	CASSTFRGGAEDYEQYF	TRBV13	TRBJ2-7
TGTGCCAGCATTGTCCTTTGGGGGGAATCCTACAATGAGCAGTTCTTC	CASIVLWGESYNEQFF	TRBV6-2	TRBJ2-1
TGTGCCAGCAGCCGTTGTCCCTCCCCCGGGACAGGGGTATCAACGCAGTACTTC	CASSRCPSPGTGVSTQYF	TRBV13	TRBJ2-7
TGTGCCAGCAGCGGAAGCGGGACAACAGATACGCAGTATTTT	CASSGSGTTDTQYF	TRBV6-5	TRBJ2-3
TGTGCCAGCAGCCAAGGGACCATGCTGGACAGGGCAGATACGCAGTATTTT	CASSQGTMLDRADTQYF	TRBV4-2	TRBJ2-3
TGCGCCAGCAGCCAACTACTAGCGGGAGGCTACACCTTC	CASSQLLAGGYTF	TRBV4-3	TRBJ1-2
TGTGCCACACTAGACCACCGGACAGGGTTTGAAATGAACACTGAAGCTTTCTTT	CATLDHRTGFEMNTEAFF	TRBV24-1	TRBJ1-1
TGTGCCAGCAGTTACAACCGGGGATCTGGAAACACCATATATTTT	CASSYNRGSGNTIYF	TRBV6-3	TRBJ1-3
TGCGCCAGAGGGGGGGACACCGAGACCCAGTACTTC	CARGGDTETQYF	TRBV10-1	TRBJ2-5
TGTGCCAGCAGTTACTCGACGTTAGCGGGAAGGGCGAGCTCCTACAATGAGCAGTTCTTC	CASSYSTLAGRASSYNEQFF	TRBV6-2	TRBJ2-1
TGTGCCAGCAGCCAAGACCAGCCACGGCCTCCGTACAATGAGCAGTTCTTC	CASSQDQPRPPYNEQFF	TRBV3-1	TRBJ2-1
TGTGCCAGCAGCTTAGTTCAGTTAGTCTACGAGCAGTACTTC	CASSLVQLVYEQYF	TRBV7-6	TRBJ2-7
TGTGCCAGCAGTTTGCTTCCGGACAGCTCCTACGAGCAGTACTTC	CASSLLPDSSYEQYF	TRBV12-3	TRBJ2-7
TGTGCCAGCAGTTACTCGACCGGGACTAGCGGGGGGCAGAGCGGTTCGGGGTACGAGCAGTACTTC	CASSYSTGTSGGQSGSGYEQYF	TRBV6-5	TRBJ2-7
TGTGCCAGCAGGGGGCAGGGTACGGAGAATCAGCCCCAGCATTTT	CASRGQGTENQPQHF	TRBV28	TRBJ1-5
TGTGCCAGCAGTAACCGGGCCCTGAGGTACAATGAGCAGTTCTTC	CASSNRALRYNEQFF	TRBV6-5	TRBJ2-1
TGCAGTGCGGCTCTGGGACAAGGCTACACCTTC	CSAALGQGYTF	TRBV20-1	TRBJ1-2
TGTGCCAGCAGCGGTTACTCGAACACCGGGGAGCTGTTTTTT	CASSGYSNTGELFF	TRBV7-2	TRBJ2-2
TGTGCCAGCAGATCAACTAGCGGGAAAAACACCGGGGAGCTGTTTTTT	CASRSTSGKNTGELFF	TRBV2	TRBJ2-2
TGTGCCAGCAGCTTCCGCGATGAGCAGTTCTTC	CASSFRDEQFF	TRBV11-2	TRBJ2-1
TGTGCCAGCCAAGGTCCGGGACTAGCGGGAGGGGGGAACACTGAAGCTTTCTTT	CASQGPGLAGGGNTEAFF	TRBV13	TRBJ1-1
TGTGCCAGCAGCTTAGGGCGGCTTAGTCAGGACGTCTACGAGCAGTACTTC	CASSLGRLSQDVYEQYF	TRBV7-3	TRBJ2-7
TGTGCCAGCAGTTACAAGGTAAGGTCGGGCGGACTAGCGGGCCAGCCCACAGATACGCAGTATTTT	CASSYKVRSGGLAGQPTDTQYF	TRBV6-5	TRBJ2-3
TGTGCCAGCAGCTTAGGTCAGGCGGACTCCCTCCACTTT	CASSLGQADSLHF	TRBV11-2	TRBJ1-6
TGCGCCAGCAGCTGCTCAGAGCGGGACGGCAATGAGCAGTTCTTC	CASSCSERDGNEQFF	TRBV5-1	TRBJ2-1
TGTGCCAGCAGTTTAAGGTTCCAGCCCCAGCATTTT	CASSLRFQPQHF	TRBV28	TRBJ1-5
TGTGCCAGCAGAGACATGAACACTGAAGCTTTCTTT	CASRDMNTEAFF	TRBV25-1	TRBJ1-1
TGTGCCAGCAGCTCAGGGCCCTACGAGCAGTACTTC	CASSSGPYEQYF	TRBV7-2	TRBJ2-7
TGTGCCAGCAGCGAGACAGGGGAGGGGGGTACCCAAGAGACCCAGTACTTC	CASSETGEGGTQETQYF	TRBV7-3	TRBJ2-5
TGTGCCAGCAGTGATGTTGGGACAGGGGTGGGTTGGGGACTGTATGGCTACACCTTC	CASSDVGTGVGWGLYGYTF	TRBV6-4	TRBJ1-2
TGCGCCAGCAGCTTGTTGGACGGGAAGTGTGACGAGCAGTACTTC	CASSLLDGKCDEQYF	TRBV5-1	TRBJ2-7
TGTGCCAGCAGCTCGGGACTAGAAAGAGATACGCAGTATTTT	CASSSGLERDTQYF	TRBV7-2	TRBJ2-3
TGTGCCAGCAGCACCGAGGGGCCTCGGGTTCACACTGAAGCTTTCTTT	CASSTEGPRVHTEAFF	TRBV6-6	TRBJ1-1
TGTGCCAGCAGCCAGATACCCGACGGGGGGGGTTCTGGAAACACCATATATTTT	CASSQIPDGGGSGNTIYF	TRBV14	TRBJ1-3
TGTGCCAGCAGGTCGAAAGATGAGCAGTTCTTC	CASRSKDEQFF	TRBV25-1	TRBJ2-1
TGCAGTGCTAGAGTGGTAGGGGGAAGGGCTAACTATGGCTACACCTTC	CSARVVGGRANYGYTF	TRBV20-1	TRBJ1-2
TGTGCCAGCCTCCCAGCCGGGAGCTCCTACGAGCAGTACTTC	CASLPAGSSYEQYF	TRBV25-1	TRBJ2-7
TGTGCCAGCAGCGATAACATGGGACATACAGATACGCAGTATTTT	CASSDNMGHTDTQYF	TRBV7-4	TRBJ2-3
TGTGCCAGCAGTGACACCGGGACGCGGGGAATTGGCTACACCTTC	CASSDTGTRGIGYTF	TRBV6-1	TRBJ1-2
TGTGTTCGACAGCTAGGGAACACTGAAGCTTTCTTT	CVRQLGNTEAFF	TRBV5-6	TRBJ1-1
TGCAGTGCTAGAGATCGAGTCGAGGGAACGGCCTACAATGAGCAGTTCTTC	CSARDRVEGTAYNEQFF	TRBV20-1	TRBJ2-1
TGCGCCAGCAGTGTGAGCGGGATTGCCGCGGCCTACGAGCAGTACTTC	CASSVSGIAAAYEQYF	TRBV10-1	TRBJ2-7
TGCAGCAAGACGCCGAGTGCTTTCTTT	CSKTPSAFF	TRBV29-1	TRBJ1-1
TGCGCCGCCAGGCAAACCACAGGGGTAGAGCAGTACTTC	CAARQTTGVEQYF	TRBV10-1	TRBJ2-7
TGTGCCAGCAGGTTAACAGGGGCCAACTCCCTATATGGCTACACCTTC	CASRLTGANSLYGYTF	TRBV11-2	TRBJ1-2
TGTGCCAGCAGAAAGGGGCACACCGGGGAGCTGTTTTTT	CASRKGHTGELFF	TRBV7-2	TRBJ2-2
TGTGCCAGCAGCCAAAGACAGGGGGGTCCGACAGATACGCAGTATTTT	CASSQRQGGPTDTQYF	TRBV3-1	TRBJ2-3
TGTGCCAGCAGCCAAGCGGGGAGAGACACTGAAGCTTTCTTT	CASSQAGRDTEAFF	TRBV4-2	TRBJ1-1
TGTGCCAGCAGCCAGTACCCAGGTTCCTTTTCTAGCGGGAACTTCCCCTCCTACGAGCAGTACTTC	CASSQYPGSFSSGNFPSYEQYF	TRBV14	TRBJ2-7
TGTGCCAGCAGCTTAAGGGATTGGAGGGCCCAGTACTTC	CASSLRDWRAQYF	TRBV5-6	TRBJ2-5
TGTGCCAGCAGCTCAAAGGGTGGGACTAGTATAGAGACCCAGTACTTC	CASSSKGGTSIETQYF	TRBV7-3	TRBJ2-5
TGTGCCAGCAGCTCAAGGGGGGGCCGGCCTAGCTACGAGCAGTACTTC	CASSSRGGRPSYEQYF	TRBV5-5	TRBJ2-7
TGTGCCAGCAGCGGGGGGAGTGAAAAACTGTTTTTT	CASSGGSEKLFF	TRBV13	TRBJ1-4
TGTGCCAGCGAATTGCGGGAGCCCTACGAGCAGTACTTC	CASELREPYEQYF	TRBV27	TRBJ2-7
TGCGCCAGCCCGGGGGGCGACCTTAGTAGCACAGATACGCAGTATTTT	CASPGGDLSSTDTQYF	TRBV10-1	TRBJ2-3
TGCGCCAGCAGTAGAACGACAGGGTATGCAACTAATGAAAAACTGTTTTTT	CASSRTTGYATNEKLFF	TRBV10-1	TRBJ1-4
TGTGCCAGCAGCACCCCCGCGGGAGAGTTAGATGAGCAGTTCTTC	CASSTPAGELDEQFF	TRBV9	TRBJ2-1
TGTGCCAGCAGCTGTCAACAATGTGGTAGCGGGAACAATGAGCAGTTCTTC	CASSCQQCGSGNNEQFF	TRBV5-8	TRBJ2-1
TGTGCCAGCAGTTTATGGGGGGCTCTGCAGTACTTC	CASSLWGALQYF	TRBV28	TRBJ2-7
TGTGCCAGCAGCGATGGGGGCATGGACAATGAGCAGTTCTTC	CASSDGGMDNEQFF	TRBV9	TRBJ2-1
TGTGCCAGCAGCTCACCGGGACAGGGCCCAATGAACACTGAAGCTTTCTTT	CASSSPGQGPMNTEAFF	TRBV9	TRBJ1-1
TGCAGTGCTAGGGAGGGACAGCTTCCCGAAAAACTGTTTTTT	CSAREGQLPEKLFF	TRBV20-1	TRBJ1-4
TGCGCCACACGCCTCCAAGCTTCGAACAATGAGCAGTTCTTC	CATRLQASNNEQFF	TRBV10-1	TRBJ2-1
TGTGCCAGCAGCAGCTCCTACGAGCAGTACTTC	CASSSSYEQYF	TRBV7-8	TRBJ2-7
TGTGCCAGCAGCCCTCTCCCCGGGACAGCCCCCCGAGCTAACTATGGCTACACCTTC	CASSPLPGTAPRANYGYTF	TRBV5-4	TRBJ1-2
TGTGCCAGCAGCTTAGAGATGTATGACGATACGCAGTATTTT	CASSLEMYDDTQYF	TRBV7-3	TRBJ2-3
TGTGCCAGCAGCTACGGCCGGGACTCCCGGGTAGATACGCAGTATTTT	CASSYGRDSRVDTQYF	TRBV11-1	TRBJ2-3
TGTGCCAGCAGTTACTCGCGTCGGACCTACGAGCAGTACTTC	CASSYSRRTYEQYF	TRBV6-5	TRBJ2-7
TGTGCCAGCCACTGTAGGGACACTTTTTCTGGAAACACCATATATTTT	CASHCRDTFSGNTIYF	TRBV11-3	TRBJ1-3
TGTGCCAGCAGCACGGGCCGGGACAGGGTCTGCTCTGGGGCCAACGTCCTGACTTTC	CASSTGRDRVCSGANVLTF	TRBV2	TRBJ2-6
TGTGCCAGCAGTCTCGGAGAGGGTTACCAAGGTAGCTCCTACAATGAGCAGTTCTTC	CASSLGEGYQGSSYNEQFF	TRBV27	TRBJ2-1
TGTGCCACCTGGGCGTACTTC	CATWAYF	TRBV24-1	TRBJ2-7
TGTGCCACCAGCAGCAAGACTATAAACACCGGGGAGCTGTTTTTT	CATSSKTINTGELFF	TRBV15	TRBJ2-2
TGCGCCAGCAGCGAGTTCAATGAGCAGTTCTTC	CASSEFNEQFF	TRBV10-1	TRBJ2-1
TGTGCCAGCAGTGCCCAATGGGAAAAACTGTTTTTT	CASSAQWEKLFF	TRBV2	TRBJ1-4
TGCAGCGATAAGGGGCATTGTTACGAGCAGTACTTC	CSDKGHCYEQYF	TRBV29-1	TRBJ2-7
TGTGCTAGTAAGTCCGCCCGTATGCTAGAGACCCAGTACTTC	CASKSARMLETQYF	TRBV12-5	TRBJ2-5
TGTGCCAGCAGCGTTAGGACCGGACAGGGCTCTGGAAACACCATATATTTT	CASSVRTGQGSGNTIYF	TRBV13	TRBJ1-3
TGTGCCACCAGTGATTTGCCCCCTCGGGACGGGTCCGGGGAGCTGTTTTTT	CATSDLPPRDGSGELFF	TRBV24-1	TRBJ2-2
TGTGCCAGCAGTTCCCTACTAGGGGAGGTTTCAGATACGCAGTATTTT	CASSSLLGEVSDTQYF	TRBV27	TRBJ2-3
TGTGCCAGGTCTCCCCACCAGATCCACCTGACAGTAGAAAGCACAGATACGCAGTATTTT	CARSPHQIHLTVESTDTQYF	TRBV19	TRBJ2-3
TGCGCCAGCCCTTGGGGGAAGTTACCGAACTATGGCTACACCTTC	CASPWGKLPNYGYTF	TRBV5-1	TRBJ1-2
TGTGCCAGCAGCTTCGAAGGCCGTAGCGGGTTGACAGATACGCAGTATTTT	CASSFEGRSGLTDTQYF	TRBV7-9	TRBJ2-3
TGTGCCAGCAGTTACAGGGGGAAAGGTAATGAAAAACTGTTTTTT	CASSYRGKGNEKLFF	TRBV27	TRBJ1-4
TGTGCCTGGAGGGACCGGCGGGACAGGAACACTGAAGCTTTCTTT	CAWRDRRDRNTEAFF	TRBV30	TRBJ1-1
TGTGCCACCTCGCTAGATACGCAGTATTTT	CATSLDTQYF	TRBV7-9	TRBJ2-3
TGTGCCAGCAGTCGTGACAGGGGGCCTAATGAGCAGTTCTTC	CASSRDRGPNEQFF	TRBV27	TRBJ2-1
TGCAGCTCCGACAGAATAAGGGGATCCCAGCCCCAGCATTTT	CSSDRIRGSQPQHF	TRBV29-1	TRBJ1-5
TGTGCCAGCAGCTCGACTAGCGGGAAGTCCTACAATGAGCAGTTCTTC	CASSSTSGKSYNEQFF	TRBV9	TRBJ2-1
TGTGCCAGCAGTGCCAGTCTTGACAGGGAAGGTGGCTACACCTTC	CASSASLDREGGYTF	TRBV6-4	TRBJ1-2
TGTAAAAACCGGGACAGACTCAATGAGCAGTTCTTC	CKNRDRLNEQFF	TRBV6-5	TRBJ2-1
TGTGCCAGCCTAGTAAAAGAGAAAAATGGGCCCAATCAGCCCCAGCATTTT	CASLVKEKNGPNQPQHF	TRBV6-4	TRBJ1-5
TGTGCCAGCAGCCGGGACAGGGTTTATGGCTACACCTTC	CASSRDRVYGYTF	TRBV14	TRBJ1-2
TGTGCCTGGAGGGTTCGCGGGGGGGGACGAGACAATGAGCAGTTCTTC	CAWRVRGGGRDNEQFF	TRBV30	TRBJ2-1
TGTGCCAGCAGCAAACGCAGGGGGGGCCGGGCGTACGAGCAGTACTTC	CASSKRRGGRAYEQYF	TRBV7-6	TRBJ2-7
TGCGCCAGCAGTGTAGACAGGGATATGTCGGACTGGTGGGTCTACGAGCAGTACTTC	CASSVDRDMSDWWVYEQYF	TRBV10-1	TRBJ2-7
TGTGCCAGCAAGCTAGCCAAAAACATTCAGTACTTC	CASKLAKNIQYF	TRBV28	TRBJ2-4
TGTGCCAGCAGTTCCACCGGGACTAGCGGGGGGGCGGGAGAGACCCAGTACTTC	CASSSTGTSGGAGETQYF	TRBV27	TRBJ2-5
TGTGCCAGCAGCCTTGGACAGTTACCTACTGAAGCTTTCTTT	CASSLGQLPTEAFF	TRBV11-2	TRBJ1-1
TGTGCCAGCAGTGCAGGGAAGGAGAACACTGAAGCTTTCTTT	CASSAGKENTEAFF	TRBV27	TRBJ1-1
TGTGCCAGCAGCTTGTTTCAAAGAGCGGGATACGAGCAGTACTTC	CASSLFQRAGYEQYF	TRBV5-4	TRBJ2-7
TGTGCCGGGCCGGGACTAGGACACGAGCAGTACTTC	CAGPGLGHEQYF	TRBV12-3	TRBJ2-7
TGTGCCAGCAGCTCCAGGGGGAGTAACACCGGGGAGCTGTTTTTT	CASSSRGSNTGELFF	TRBV13	TRBJ2-2
TGTGCCAGCAGCTCTACTCCCGATGGGGCAGATAACTTC	CASSSTPDGADNF	TRBV11-3	TRBJ2-5
TGTGCCAGCAGCCTGAATACCCGAAATGCATACGAGCAGTACTTC	CASSLNTRNAYEQYF	TRBV14	TRBJ2-7
TGTGCCAGCAGCTTCGGGCCGGGCTACACCTTC	CASSFGPGYTF	TRBV7-3	TRBJ1-2
TGTGCCAGCAGCACCCCTAGCTATGAGCAGTTCTTC	CASSTPSYEQFF	TRBV13	TRBJ2-1
TGTGCCAGCTCACCAGGGTCGCCAAGGGCCAATGAGCAGTTCTTC	CASSPGSPRANEQFF	TRBV18	TRBJ2-1
TGCGCCAGCAGCCAAGATAAACCACTTCCTAATGAAAAACTGTTTTTT	CASSQDKPLPNEKLFF	TRBV4-3	TRBJ1-4
TGCAGTGCTAGAGATCAACCGGGACTAGCGGGAGTGTCAAGCTCCTATAATTCACCCCTCCACTTT	CSARDQPGLAGVSSSYNSPLHF	TRBV20-1	TRBJ1-6
TGTGCCATCCCGTACCCGGACAGGGTGCCCGTGGGGGAGAACACTGAAGCTTTCTTT	CAIPYPDRVPVGENTEAFF	TRBV10-3	TRBJ1-1
TGTGCCAGCAGTACTTGTACGGGAGCAGCCTACGAGCAGTACTTC	CASSTCTGAAYEQYF	TRBV6-3	TRBJ2-7
TGTGCCAGCAGCCTAGACGGGACATGTGGGGGGGATACGCAGTATTTT	CASSLDGTCGGDTQYF	TRBV6-6	TRBJ2-3
TGTGCCACCAGTGACCGGCCCGGCGGGAGTTGCTACGAGCAGTACTTC	CATSDRPGGSCYEQYF	TRBV24-1	TRBJ2-7
TGTGCCAGCAGGGTTGACAGGGCCGGGGACTCCTACGAGCAGTACTTC	CASRVDRAGDSYEQYF	TRBV12-4	TRBJ2-7
TGTGCCAGCAGTTATCCAGGGGGAGACACTGAAGCTTTCTTT	CASSYPGGDTEAFF	TRBV6-2	TRBJ1-1
TGTGCCACCAGCACCTACTACTCCTACGAGCAGTACTTC	CATSTYYSYEQYF	TRBV15	TRBJ2-7
TGTGCTAGTGGTTTGCTTCAGAGAGCGGGAGGGGCTAACTATGGCTACACCTTC	CASGLLQRAGGANYGYTF	TRBV12-5	TRBJ1-2
TGTGCCAGCAGCTTGGATAAACACGGTGGAGTGTTAGGAAAAAACATTCAGTACTTC	CASSLDKHGGVLGKNIQYF	TRBV5-5	TRBJ2-4
TGTGCCAGCAGGGGGACGAAAAACACCGGGGAGCTGTTTTTT	CASRGTKNTGELFF	TRBV5-6	TRBJ2-2
TGTGCCAGCAGTTTATCCTTGGACAGGGTTTACGTCAATCAGCCCCAGCATTTT	CASSLSLDRVYVNQPQHF	TRBV27	TRBJ1-5
TGTGCCAGCAGTGAAGCTCGGAATGGGACTAGCGGGTGCAATGAGCAGTTCTTC	CASSEARNGTSGCNEQFF	TRBV2	TRBJ2-1
TGCGCCAGCAGCTTGTCCCGGGACAGGGGAGTCTCGGGGGAGCAGTACTTC	CASSLSRDRGVSGEQYF	TRBV5-1	TRBJ2-7
TGTGCCAGCAGCTTAGATCGTAGCAGGGCCGGGAACACTGAAGCTTTCTTT	CASSLDRSRAGNTEAFF	TRBV11-2	TRBJ1-1
TGTGCCAGCAGCGAGAGGAACACTGAAGCTTTCTTT	CASSERNTEAFF	TRBV11-3	TRBJ1-1
TGTGCCAGCAGCTTTCCGACGACGGGAAACACCATATATTTT	CASSFPTTGNTIYF	TRBV5-4	TRBJ1-3
TGCGCCAGCAGCTTGGGTCCAACTAGCGGGAGATCCTACGAGCAGTACTTC	CASSLGPTSGRSYEQYF	TRBV5-1	TRBJ2-7
TGTGCCAGCATGCTGGGCGAGCAGTACTTC	CASMLGEQYF	TRBV7-7	TRBJ2-7
TGTGCCACGACAGGGTTGTACACCGGGGAGCTGTTTTTT	CATTGLYTGELFF	TRBV10-3	TRBJ2-2
TGTGCCAGCAGCCCCCCCCTCTCTTGGACAGGGCCTGGTCCGGACACCGGGGAGCTGTTTTTT	CASSPPLSWTGPGPDTGELFF	TRBV5-6	TRBJ2-2
TGTGCCAGCAGCCAAGATGGGAGGCAGGGGGCCATATTAAGCTACACCTTC	CASSQDGRQGAILSYTF	TRBV4-2	TRBJ1-2
TGCAGTGCTAGCATTGGGGCAGCGAGCTACGAGCAGTACTTC	CSASIGAASYEQYF	TRBV20-1	TRBJ2-7
TGCGCCAGCAGGACAGACACCGGGGAGCTGTTTTTT	CASRTDTGELFF	TRBV5-1	TRBJ2-2
TGTGCCAGCAGTTGGAGGTTTACAAACACTGAAGCTTTCTTT	CASSWRFTNTEAFF	TRBV12-4	TRBJ1-1
TGTGCCAGGACCGGGCGAAAAGAGACCCAGTACTTC	CARTGRKETQYF	TRBV6-4	TRBJ2-5
TGTGCCTGGAGCCGGAAAGATATAGCCCCGAACACCGGGGAGCTGTTTTTT	CAWSRKDIAPNTGELFF	TRBV30	TRBJ2-2
TGTGCCAGCAGCTTGTCCCCCGGGACAGGGGCCTGTGAGCAGTTCTTC	CASSLSPGTGACEQFF	TRBV5-6	TRBJ2-1
TGCAGTGCTAGAGAGTCTAGGGACAGGGTTAACAATGAGCAGTTCTTC	CSARESRDRVNNEQFF	TRBV20-1	TRBJ2-1
TGTGCCAGCAGCGCCAGGGGCGCTGACGAGCAGTACTTC	CASSARGADEQYF	TRBV6-4	TRBJ2-7
TGCGCCAGCAGCAACGACAGGGGGCCCACCGTGCTCTCTGGAAACACCATATATTTT	CASSNDRGPTVLSGNTIYF	TRBV5-1	TRBJ1-3
TGTGCGCCCAGGGGGGCCCTTAGCAATCAGCCCCAGCATTTT	CAPRGALSNQPQHF	TRBV28	TRBJ1-5
TGTGCTAGTGGTTTGGTCCGTGACGAAGGGAAGGTAGAGACCCAGTACTTC	CASGLVRDEGKVETQYF	TRBV12-5	TRBJ2-5
TGTGCCAGCAGTTCGTATAAAGGCTACACCTTC	CASSSYKGYTF	TRBV6-5	TRBJ1-2
TGTGCCACCCCCTCTTTAGGTCTGGGGAATGAGCAGTTCTTC	CATPSLGLGNEQFF	TRBV28	TRBJ2-1
TGTGCCAGCAGCCAACAGCATGAGACTGAAGCTTTCTTT	CASSQQHETEAFF	TRBV6-2	TRBJ1-1
TGTGCCAGCAGCTTGCGTCAGCCCCAGCATTTT	CASSLRQPQHF	TRBV5-6	TRBJ1-5
TGTGCCACCAGTGATCCAGACAGGGGGCGGGGAAAGTACTTC	CATSDPDRGRGKYF	TRBV24-1	TRBJ2-7
TGCAGTGCTTATGCCGGGACAGTAGGGACAGATACGCAGTATTTT	CSAYAGTVGTDTQYF	TRBV20-1	TRBJ2-3
TGTGCCACCAGGAAGGGGGGACACCTGTTTTTT	CATRKGGHLFF	TRBV24-1	TRBJ1-4
TGTGCCAGCAGCTTGGGATTAGGGGGCCCAGGAACCTACGAGCAGTACTTC	CASSLGLGGPGTYEQYF	TRBV5-4	TRBJ2-7
TGTGCCAGCAACCGGACTAGCGGGGGGGCCCTCGAGCAGTACTTC	CASNRTSGGALEQYF	TRBV6-4	TRBJ2-7
TGTGCCAGCAGGTCGAGTTTAAGTTATGGCTACACCTTC	CASRSSLSYGYTF	TRBV6-5	TRBJ1-2
TGTGCCAGCAGGTCTCCCAGCGGGAACACTGAAGCTTTCTTT	CASRSPSGNTEAFF	TRBV27	TRBJ1-1
TGCGCCAGCAGCTTACTCGGGGGAGAGACCCAGTACTTC	CASSLLGGETQYF	TRBV5-1	TRBJ2-5
TGTGCCTGGGGAGGGTGGGGGAATGAGCAGTTCTTC	CAWGGWGNEQFF	TRBV7-2	TRBJ2-1
TGTGCCAGCAGCTTAAGTATCAACCGTCGCAGGCCCCAGCATTTT	CASSLSINRRRPQHF	TRBV7-3	TRBJ1-5
TGTGTTCCCCTGGGAAGTGGTGAGCAGTACTTC	CVPLGSGEQYF	TRBV20-1	TRBJ2-7
TGTGCCAAACAAACGGCCACGCAGTATTTT	CAKQTATQYF	TRBV6-6	TRBJ2-3
TGTGCCACCAGTGTGACAGGGGAAAAACTGTTTTTT	CATSVTGEKLFF	TRBV24-1	TRBJ1-4
TGCGCCAGCAGCCAAGCGGGAATACGGGGGGTTCCCTCGCAGTACTTC	CASSQAGIRGVPSQYF	TRBV4-1	TRBJ2-7
TGTGCCAGCTCACCCCCGGAGGGACAGAATGGCTACACCTTC	CASSPPEGQNGYTF	TRBV18	TRBJ1-2
TGTGCCACTGTTCCCATCCATGAGCAGTTCTTC	CATVPIHEQFF	TRBV24-1	TRBJ2-1
TGTGCCTGGAGTGTACAAGACGTGTCCTACGAGCAGTACTTC	CAWSVQDVSYEQYF	TRBV30	TRBJ2-7
TGTGCCAGCAGAGGCGTGAAGCAAGAGACCCAGTACTTC	CASRGVKQETQYF	TRBV12-4	TRBJ2-5
TGTGCCAGTAGTATAGGGACGGTCTCCTACAATGAGCAGTTCTTC	CASSIGTVSYNEQFF	TRBV19	TRBJ2-1
TGTGCCTGGAGTGTGGGTATGACAGGGGTCCTGACCGGGGAGCTGTTTTTT	CAWSVGMTGVLTGELFF	TRBV30	TRBJ2-2
TGTGCCAGCAGCCTGGGCACTAGCGGGAGACCGTGCACTGAAGCTTTCTTT	CASSLGTSGRPCTEAFF	TRBV13	TRBJ1-1
TGTGCCAGTAGTAGATGCCGTCCTGGGGCCAACGTCCTGACTTTC	CASSRCRPGANVLTF	TRBV19	TRBJ2-6
TGTGCCAGCAGCGTAGTGAAGGCGATGGGTGAGCAGTTCTTC	CASSVVKAMGEQFF	TRBV9	TRBJ2-1
TGTGCCAGCAGTTATCGTAGCGGGTATGAGCAGTTCTTC	CASSYRSGYEQFF	TRBV6-4	TRBJ2-1
TGCAGTGCTAGAGATCCCCCCCGACAAGATGAGCAGTTCTTC	CSARDPPRQDEQFF	TRBV20-1	TRBJ2-1
TGTGCCAGCAGCGAGGGACGTGTTTACGAGCAGTACTTC	CASSEGRVYEQYF	TRBV7-3	TRBJ2-7
TGTGCCAGCTTTGGGGGGGTTTGCTTCACAGATACGCAGTATTTT	CASFGGVCFTDTQYF	TRBV6-4	TRBJ2-3
TGCAGTGCTAGAGATCACCACAGGGGCGAGAACACTGAAGCTTTCTTT	CSARDHHRGENTEAFF	TRBV20-1	TRBJ1-1
TGTGCCAGCAGTCTGACGACTAGTAGGCCCCAGTACTTC	CASSLTTSRPQYF	TRBV27	TRBJ2-5
TGTGCCAGCAGTGGACTGCAGAGGGTCCGAGAGACCCAGTACTTC	CASSGLQRVRETQYF	TRBV25-1	TRBJ2-5
TGTCGCCCCCCGGACAGGCAGGTATCTGGGGCCAACGTCCTGACTTTC	CRPPDRQVSGANVLTF	TRBV27	TRBJ2-6
TGTGCCAGGTTTACGGGGGAAGTGGGTAATTCACCCCTCCACTTT	CARFTGEVGNSPLHF	TRBV2	TRBJ1-6
TGTGCCAGCAGGGCTAAAGTAGACAGGCAAAAATTATATGGCTACACCTTC	CASRAKVDRQKLYGYTF	TRBV27	TRBJ1-2
TGTGCCAGCATTCGTAACCGGGGCGGTACCGGGGAGCTGTTTTTT	CASIRNRGGTGELFF	TRBV6-1	TRBJ2-2
TGTGCCACCAGTGATTTAGACGGGGGGAACACCGGGGAGCTGTTTTTT	CATSDLDGGNTGELFF	TRBV24-1	TRBJ2-2
TGTGCCAGCAGCCGGTCAGGGGACCGCTACGAGCAGTACTTC	CASSRSGDRYEQYF	TRBV3-1	TRBJ2-7
TGTGCCAGCATCCCAGGGGGTAAGGCCAATCAGCCCCAGCATTTT	CASIPGGKANQPQHF	TRBV14	TRBJ1-5
TGCACATTAGAGCCTTCCGATACGCAGTATTTT	CTLEPSDTQYF	TRBV29-1	TRBJ2-3
TGCAGTAGGCCAGGGAGGGCCTATAATTCACCCCTCCACTTT	CSRPGRAYNSPLHF	TRBV20-1	TRBJ1-6
TGTGCCAGCAGTTTACCCCGGGACAGGGGAGTGAGGGAAGCTTTCTTT	CASSLPRDRGVREAFF	TRBV27	TRBJ1-1
TGCAGCGTTGAAGATCCACATCGAAACCACCGGGGCCTTTCCCGAGCGAACGAGCAGTACTTC	CSVEDPHRNHRGLSRANEQYF	TRBV29-1	TRBJ2-7
TGCAGTGCTAGGCCAACCCCGGGACGAGGATCCGGGGAGCTGTTTTTT	CSARPTPGRGSGELFF	TRBV20-1	TRBJ2-2
TGTGCCAGCAGCTTAGTCGGGGACCGCTCCTACAATGAGCAGTTCTTC	CASSLVGDRSYNEQFF	TRBV7-9	TRBJ2-1
TGTGCCAGCAGCTTTAGGAAAGAGGGGGACCGCTATGGCTACACCTTC	CASSFRKEGDRYGYTF	TRBV9	TRBJ1-2
TGTGCCAGCTCACCCGCAAGGCGACAGGTAGTTTTCCCTAGCAATCAGCCCCAGCATTTT	CASSPARRQVVFPSNQPQHF	TRBV18	TRBJ1-5
TGTGCCAGCAGCACCCGGGAGGGTCTCTCCTCCTACGAGCAGTACTTC	CASSTREGLSSYEQYF	TRBV14	TRBJ2-7
TGTGAGGGGAGGCTCGAAGCTTTCTTT	CEGRLEAFF	TRBV6-5	TRBJ1-1
TGTGCCAGCAGCCAATCAAGAGATCAGCCCCAGCATTTT	CASSQSRDQPQHF	TRBV3-1	TRBJ1-5
TGCAGTGCTAGTCTTCTCCCCGGGACTTCCCTGGGCACAGATACGCAGTATTTT	CSASLLPGTSLGTDTQYF	TRBV20-1	TRBJ2-3
TGTGCCAGTAGTAACGATAACGGGTTATCTCCACGGTACGAGCAGTACTTC	CASSNDNGLSPRYEQYF	TRBV19	TRBJ2-7
TGTGCTAGTGGTGGGAGGACTAGGGCTACCCGACAGGGGGAGAATCAGCCCCAGCATTTT	CASGGRTRATRQGENQPQHF	TRBV12-5	TRBJ1-5
TGTGCCAGTATGGGCTGGCAGGACGAGACCCAGTACTTC	CASMGWQDETQYF	TRBV19	TRBJ2-5
TGTGCCACCAGAACAGGCGGGGTCAGAAGGAACACTGAAGCTTTCTTT	CATRTGGVRRNTEAFF	TRBV24-1	TRBJ1-1
TGTGCCAGCAGCTTGCCGAGCGGGGAGCAGTACTTC	CASSLPSGEQYF	TRBV5-5	TRBJ2-7
TGTGCCAGGGCCACAGGAATGAAAGACAGGGCTTCACCCCTCCACTTT	CARATGMKDRASPLHF	TRBV27	TRBJ1-6
TGTGCCAGCAGCCAAGATTGGCAGCCATGCAATCAGCCCCAGCATTTT	CASSQDWQPCNQPQHF	TRBV3-1	TRBJ1-5
TGTGCCAGCAAGGCGATCAGGGGGCATCTTCTTCCGAACACTGAAGCTTTCTTT	CASKAIRGHLLPNTEAFF	TRBV6-5	TRBJ1-1
TGCAGTGCTAGAATGGAAAATCGGGGGGTCGCGGGCTCCTACGAGCAGTACTTC	CSARMENRGVAGSYEQYF	TRBV20-1	TRBJ2-7
TGTGCCAGCTTTGGCGGTAGCACAGATACGCAGTATTTT	CASFGGSTDTQYF	TRBV7-2	TRBJ2-3
TGCAGTGGGGGCGCTAGGGAGACCCAGTACTTC	CSGGARETQYF	TRBV20-1	TRBJ2-5
TGTGCCATCCATGGACAGAGTAAGCTCTCTAATTCACCCCTCCACTTT	CAIHGQSKLSNSPLHF	TRBV12-3	TRBJ1-6
TGTGCCAGCAGCTTGATTGAGGGAAGGGGGGATGGAAATGAGCAGTTCTTC	CASSLIEGRGDGNEQFF	TRBV11-3	TRBJ2-1
TGTGCTAGCAGCTTCGGGGGACAGGGGCCTTATGGCTACACCTTC	CASSFGGQGPYGYTF	TRBV7-7	TRBJ1-2
TGTGCCAGCAGTAATAAGCGTCCTCCGGGACTAGCGGGACGCTATGAGCAGTTCTTC	CASSNKRPPGLAGRYEQFF	TRBV6-5	TRBJ2-1
TGTGCCAGCAGCCCACTTAGTAGCAATCAGCCCCAGCATTTT	CASSPLSSNQPQHF	TRBV9	TRBJ1-5
TGTGCCAGCCTACGGGGGGGTTATGAGCAGTTCTTC	CASLRGGYEQFF	TRBV11-1	TRBJ2-1
TGCGCCAGCAGCTTGTTTTGGGACAGAATAAGGAACACTGAAGCTTTCTTT	CASSLFWDRIRNTEAFF	TRBV5-1	TRBJ1-1
TGTGCCAGCAGCCAATGGGAGGTCAGAGAAGGGCAGAACACTGAAGCTTTCTTT	CASSQWEVREGQNTEAFF	TRBV5-5	TRBJ1-1
TGTGCCACCAGTACTCGGGAACAGGGGGAGCCCTCCTACGAGCAGTACTTC	CATSTREQGEPSYEQYF	TRBV24-1	TRBJ2-7
TGCAGTGCTAGATGGGAGGGTTCAGCTGAAGCTTTCTTT	CSARWEGSAEAFF	TRBV20-1	TRBJ1-1
TGTGCCAGCAGTGAAAACAGGGATCAGCACGAGCAGTACTTC	CASSENRDQHEQYF	TRBV6-1	TRBJ2-7
TGTGCCAGCAGCCAAATCCCGGGACAGGTGTCGACCCAGTACTTC	CASSQIPGQVSTQYF	TRBV14	TRBJ2-5
TGTGCCAGCAGTCATGACAGGGTTTACTTTGGCTACACCTTC	CASSHDRVYFGYTF	TRBV6-5	TRBJ1-2
TGTGCCAGCAGCGAAACCTCGCCAGGACTAGCTTTCTTT	CASSETSPGLAFF	TRBV9	TRBJ1-1
TGTGCGGGCCCTGGAAACACCATATATTTT	CAGPGNTIYF	TRBV10-3	TRBJ1-3
TGTGCCAGCAGCTTAGCAGACCGGGAGCAGTACTTC	CASSLADREQYF	TRBV13	TRBJ2-7
TGTGCCAGCAGCCCTCAGGGGGCGTTTTTCTTAGACAATGAGCAGTTCTTC	CASSPQGAFFLDNEQFF	TRBV7-8	TRBJ2-1
TGTGCCAGTAGGCAGCGTTCAGACAGGGATGGGGTGTGCTACGAGCAGTACTTC	CASRQRSDRDGVCYEQYF	TRBV19	TRBJ2-7
TGTGCCAGCAGTTCCGCCCAGGGAGACTATGGCTACACCTTC	CASSSAQGDYGYTF	TRBV6-5	TRBJ1-2
TGCGCCAGCCGGGAAGGCGGACAGCCGTCTCCAAACGAGCAGTACTTC	CASREGGQPSPNEQYF	TRBV10-1	TRBJ2-7
TGTGCCAGCAGTTTCCCGTTCCATCCAGGACAGGGTCGGGGCATGAGTTCACCCCTCCACTTT	CASSFPFHPGQGRGMSSPLHF	TRBV12-3	TRBJ1-6
TGTGCCAGCAGCACGTCAGGGGGCCACGTAAGCACAGATACGCAGTATTTT	CASSTSGGHVSTDTQYF	TRBV11-3	TRBJ2-3
TGTGCCAGCAGTGAAGCCTCGCGGTATAGCAATCAGCCCCAGCATTTT	CASSEASRYSNQPQHF	TRBV6-1	TRBJ1-5
TGCGCCAAGGCTGTAAATGAGCAGTTCTTC	CAKAVNEQFF	TRBV10-1	TRBJ2-1
TGTGCCAGCAGTTTCTCACCCCGGGACAGAGGGGGACTTGGAAACACCATATATTTT	CASSFSPRDRGGLGNTIYF	TRBV12-3	TRBJ1-3
TGTGCCTGGAGACCCGAGCTGAGGTTTCCAACTGCCTTAACTAGCACAGATACGCAGTATTTT	CAWRPELRFPTALTSTDTQYF	TRBV30	TRBJ2-3
TGTGCCAGCAGTAAAAGACAGGGAGATGGCAATCAGCCCCAGCATTTT	CASSKRQGDGNQPQHF	TRBV12-3	TRBJ1-5
TGTGCCAGCAGCTTTGATGGGCCGGGACAGGGAGGGGCCAAAAACATTCAGTACTTC	CASSFDGPGQGGAKNIQYF	TRBV11-2	TRBJ2-4
TGTGCCAGCAGCCCTGCAGGGAATCAGCCCCAGCATTTT	CASSPAGNQPQHF	TRBV13	TRBJ1-5
TGTGCCACCAGGAGTTTAGGGCACTATGGCTACACCTTC	CATRSLGHYGYTF	TRBV24-1	TRBJ1-2
TGTGCCAGCAGTTACCGGCCTTTATGCACAGATACGCAGTATTTT	CASSYRPLCTDTQYF	TRBV6-6	TRBJ2-3
TGTGCCAGCAGCGTTCGTCCAGGGCGATTAGGGGGGGAGCAGTACTTC	CASSVRPGRLGGEQYF	TRBV9	TRBJ2-7
TGTGCCAGCAGTGAAAATACTAGCGGGAGGGCAAATCAGCCCCAGCATTTT	CASSENTSGRANQPQHF	TRBV25-1	TRBJ1-5
TGTGCCACCATACAGGGATGGAAAACTGAAGCTTTCTTT	CATIQGWKTEAFF	TRBV24-1	TRBJ1-1
TGTGCCAGTAGTATAGATGAGTTCCATAGCAATCAGCCCCAGCATTTT	CASSIDEFHSNQPQHF	TRBV19	TRBJ1-5
TGCAGCGTTGAACCTAATTCGGACAGTATCCGTACCACAGATACGCAGTATTTT	CSVEPNSDSIRTTDTQYF	TRBV29-1	TRBJ2-3
TGTGCCAGCCGGCCACTAGCGGGAGGCGGCTATGGCTACACCTTC	CASRPLAGGGYGYTF	TRBV6-3	TRBJ1-2
TGTGCCAGCAGCCGTCTGATTAACACCGGGGAGCTGTTTTTT	CASSRLINTGELFF	TRBV6-5	TRBJ2-2
TGTGCCAGCAGACTTAGCGGGGCTCCCGGGGAGCTGTTTTTT	CASRLSGAPGELFF	TRBV25-1	TRBJ2-2
TGTGCTAGTGGTTTGGCGCCTAGCGGCAAAACAGATACGCAGTATTTT	CASGLAPSGKTDTQYF	TRBV12-5	TRBJ2-3
TGTGCCAGCAGCAATGTACGCTATGGCTACACCTTC	CASSNVRYGYTF	TRBV7-4	TRBJ1-2
TGTGCCAGCAGCTTAGAACGGGGGAGCGAACTGTTTTTT	CASSLERGSELFF	TRBV7-9	TRBJ1-4
TGTGCCAGCAGCCCTGACAGGTTGGCTAATGAAAAACTGTTTTTT	CASSPDRLANEKLFF	TRBV5-8	TRBJ1-4
TGTCCGTTGCGGGAGTCCAGTGCCTCCTACGAGCAGTACTTC	CPLRESSASYEQYF	TRBV7-9	TRBJ2-7
TGTGCCAGCAGTGACTCGCCTAGCGGCGATACCAAAAACATTCAGTACTTC	CASSDSPSGDTKNIQYF	TRBV6-4	TRBJ2-4
TGTGCCAGCAGTGTAACGAGGGGAAATCAGCCCCAGCATTTT	CASSVTRGNQPQHF	TRBV2	TRBJ1-5
TGTGCCAGCAGTACTGGGACAGGGCCGATGAACTATGGCTACACCTTC	CASSTGTGPMNYGYTF	TRBV6-4	TRBJ1-2
TGTGCCAGCAGTGTTAACCCTTCCAGGGATTACAACACTGAAGCTTTCTTT	CASSVNPSRDYNTEAFF	TRBV7-4	TRBJ1-1
TGTGCCAGCAGCCCACCTAGAAATGAGCAGTTCTTC	CASSPPRNEQFF	TRBV11-2	TRBJ2-1
TGTGCCAGCAGCTTACAAAACACTGAAGCTTTCTTT	CASSLQNTEAFF	TRBV7-8	TRBJ1-1
TGTGATCCCCGGCGGGAGGAGCAGTACTTC	CDPRREEQYF	TRBV12-3	TRBJ2-7
TGCGCCAGCAGGAACCGGGACAGGGAATCCTACGAGCAGTACTTC	CASRNRDRESYEQYF	TRBV4-1	TRBJ2-7
TGTGCCAGCAGTGACTCGGTAGGGACAGTATGCTCCTACGAGCAGTACTTC	CASSDSVGTVCSYEQYF	TRBV6-4	TRBJ2-7
TGCGCCAGCAGCCCGGGACTAGCTTCTCGTGATTCCTACAATGAGCAGTTCTTC	CASSPGLASRDSYNEQFF	TRBV5-1	TRBJ2-1
TGTGCCAGCAGCTCGGTCTTGGAGTTACCCGGGACAGGGTCCGCCAATCAGCCCCAGCATTTT	CASSSVLELPGTGSANQPQHF	TRBV5-4	TRBJ1-5
TGTGCCAGCAGCTTAGATCTAGCGACAGGGTGGTGGAAAACATATGGGGCCTACAATGAGCAGTTCTTC	CASSLDLATGWWKTYGAYNEQFF	TRBV11-3	TRBJ2-1
TGTGCCAGCAGCCAAACTAGCGGGAGGGGTGAGACCCAGTACTTC	CASSQTSGRGETQYF	TRBV7-2	TRBJ2-5
TGTGCCAGCAGTTGGGCGATTGAAAAACTGTTTTTT	CASSWAIEKLFF	TRBV6-5	TRBJ1-4
TGTGCCGACAGGGGTCCGTATGGCTACACCTTC	CADRGPYGYTF	TRBV6-1	TRBJ1-2
TGTGCCAGCAGCTTAGGGACTGAGGGGGGTTATCAAGAGACCCAGTACTTC	CASSLGTEGGYQETQYF	TRBV7-9	TRBJ2-5
TGCGCCAGCAAACAGGCTAGCGGCCGCGAGACAGAGACCCAGTACTTC	CASKQASGRETETQYF	TRBV10-1	TRBJ2-5
TGTGCCGTTGAAATCGGGACAGGGAGTCGCTACAATGAGCAGTTCTTC	CAVEIGTGSRYNEQFF	TRBV27	TRBJ2-1
TGTGCCAGCAGTTTACAAGGGGGCTCTAACTATGGCTACACCTTC	CASSLQGGSNYGYTF	TRBV28	TRBJ1-2
TGTGCCAGCAGCGGTACAGAGAACACTGAAGCTTTCTTT	CASSGTENTEAFF	TRBV5-6	TRBJ1-1
TGTGCCAGCAGCCAAGAGGACAGGTTAGGGGAAAAACTGTTTTTT	CASSQEDRLGEKLFF	TRBV14	TRBJ1-4
TGTGCCAGCTCACCGGAGTGGCGGGGGCGGCTGGAGACCCAGTACTTC	CASSPEWRGRLETQYF	TRBV18	TRBJ2-5
TGTGCCAGTAGTACAGGGTACGGTAAAGCTTTCTTT	CASSTGYGKAFF	TRBV19	TRBJ1-1
TGTGCCAGCAGTGCCCCCATGACGGAGACAGGGTGCTACGAGCAGTACTTC	CASSAPMTETGCYEQYF	TRBV6-4	TRBJ2-7
TGTGCCAGCAGTTTAAAGGGGACTAGCGGGAGCACAGATACGCAGTATTTT	CASSLKGTSGSTDTQYF	TRBV12-3	TRBJ2-3
TGCAAGGGTCGACAGGGTCACGAGCAGTACTTC	CKGRQGHEQYF	TRBV20-1	TRBJ2-7
TGTGCCAGCAGCTTACGGGGGACGGACTTC	CASSLRGTDF	TRBV5-4	TRBJ2-7
TGTGCCAGCAGCTTAGGCGGAGGGGTTAAGGGGGCCAACGTCCTGACTTTC	CASSLGGGVKGANVLTF	TRBV7-4	TRBJ2-6
TGTGCCAGCAGCATCGGCAGAGGGGGGCCCGAAGACACTGAAGCTTTCTTT	CASSIGRGGPEDTEAFF	TRBV7-3	TRBJ1-1
TGTGCCAGCAGTGAAAGGGGACACGGAGCCGAGCAGTACTTC	CASSERGHGAEQYF	TRBV12-4	TRBJ2-7
TGTGCCAGCAGTGAAAGCGAGGCCCAGGGGGTGAAAGACTACGAGCAGTACTTC	CASSESEAQGVKDYEQYF	TRBV2	TRBJ2-7
TGCAGTGCTAGAGATAAACTCCTAACAAATCAGCCCCAGCATTTT	CSARDKLLTNQPQHF	TRBV20-1	TRBJ1-5
TGTGCCAGCAGCTTGGTGGGACAGTCAAGCTCCTACGAGCAGTACTTC	CASSLVGQSSSYEQYF	TRBV7-9	TRBJ2-7
TGTGCCAGCAGTTACCGACGGGACAGGGGGAAGTTCTCTGGAAACACCATATATTTT	CASSYRRDRGKFSGNTIYF	TRBV6-5	TRBJ1-3
TGTGCCAGCAGCTGGCTTGAGGGCTCCTATAATTCACCCCTCCACTTT	CASSWLEGSYNSPLHF	TRBV5-4	TRBJ1-6
TGCGCCAGCAGCCAGAAATACGCGGGGACTGAGCAGTTCTTC	CASSQKYAGTEQFF	TRBV4-3	TRBJ2-1
TGTGCCAGCAGTGATGGGGACAGGCCCCAGCATTTT	CASSDGDRPQHF	TRBV12-3	TRBJ1-5
TGCAGCGTTGACCCACACACTGAAGCTTTCTTT	CSVDPHTEAFF	TRBV29-1	TRBJ1-1
TGTGCCAGCAGCCAAGATCTTCGCACAGGGAAAGTAGCCAAAAACATTCAGTACTTC	CASSQDLRTGKVAKNIQYF	TRBV3-1	TRBJ2-4
TGTGCCAGCAGGAGCCCGGGACAGGGGTGCCGTCAGCCCCAGCATTTT	CASRSPGQGCRQPQHF	TRBV2	TRBJ1-5
TGTGCCAGCAGGGTCGTAGGTCAGACAGGGCTAACCTACGAGCAGTACTTC	CASRVVGQTGLTYEQYF	TRBV28	TRBJ2-7
TGTGCCAGAAGACCGGGACAGGGTGAAGCTTTCTTT	CARRPGQGEAFF	TRBV6-1	TRBJ1-1
TGCGCCAGCAGCCCCCCGGCCGCAAGGGCAGGAATCTTACCCTATGGCTACACCTTC	CASSPPAARAGILPYGYTF	TRBV5-1	TRBJ1-2
TGTGCCAGCAGCCAAGCGACGTTGACTAGCAGGACAGATACGCAGTATTTT	CASSQATLTSRTDTQYF	TRBV3-1	TRBJ2-3
TGTGCCAGCAGCGAGGGCGTGAGGGGGGTAGAAGGCTACGAGCAGTACTTC	CASSEGVRGVEGYEQYF	TRBV13	TRBJ2-7
TGTGCCAGCAGTATAGGTGCGACATATAGACATAGACCCCTCCACTTT	CASSIGATYRHRPLHF	TRBV6-8	TRBJ1-6
TGTGCCAGCAGCTTATCGAACAGGGGGATGTCCTATGGCTACACCTTC	CASSLSNRGMSYGYTF	TRBV7-2	TRBJ1-2
TGTGCCAGCCCGGCAGGCCGTGATGGGGATACGCAGTATTTT	CASPAGRDGDTQYF	TRBV6-5	TRBJ2-3
TGCGCCAGCAGCTACGGAGGGGCAGAGGACGAAGAGACCCAGTACTTC	CASSYGGAEDEETQYF	TRBV5-1	TRBJ2-5
TGTGCCAGCAGCTCAGGTTCAACCCGGGACAGGGACTGCCAAGGTAGCAATCAGCCCCAGCATTTT	CASSSGSTRDRDCQGSNQPQHF	TRBV13	TRBJ1-5
TGTGCCAGCAGCTCAAAACCTATAGCGACCCTGCGAACGAGCACAGATACGCAGTATTTT	CASSSKPIATLRTSTDTQYF	TRBV11-3	TRBJ2-3
TGTGCCAGCAGTGACTCGCGCAGGGAGTGGGAAGAGACCCAGTACTTC	CASSDSRREWEETQYF	TRBV6-4	TRBJ2-5
TGTGCCATCAGTGATAAAAGGGGGGGGGCTCGGCAAGAGACCCAGTACTTC	CAISDKRGGARQETQYF	TRBV10-3	TRBJ2-5
TGTGCCAGCAGTGAGGAGTCTAGCGGGCCCGAGACCCAGTACTTC	CASSEESSGPETQYF	TRBV2	TRBJ2-5
TGTGCCAGCTCACACCCGGGACAGGGGGGATTCTACGAGCAGTACTTC	CASSHPGQGGFYEQYF	TRBV18	TRBJ2-7
TGTGCCAGCAGCGTAGGAACATTGGGAATCTCCTACGAGCAGTACTTC	CASSVGTLGISYEQYF	TRBV9	TRBJ2-7
TGCGCCAGCAGACCCTTTAGCGGGGTGGGGTACAATGAGCAGTTCTTC	CASRPFSGVGYNEQFF	TRBV10-1	TRBJ2-1
TGCGCCAGCAGCTTCTCGAGGGAGACCCAGTACTTC	CASSFSRETQYF	TRBV5-1	TRBJ2-5
TGTGCCAGCAGTTTGGGGGGGGTGGGGCAGACCCAAGAGACCCAGTACTTC	CASSLGGVGQTQETQYF	TRBV28	TRBJ2-5
TGCGCCAGCAGTAGCGGGAGGGTCCTTCCCGCCAAAAACATTCAGTACTTC	CASSSGRVLPAKNIQYF	TRBV5-1	TRBJ2-4
TGTGCCAGCAGTTACACGTGGGGGACAGATCCCCCACCAGATACGCAGTATTTT	CASSYTWGTDPPPDTQYF	TRBV6-5	TRBJ2-3
TGTGCCACCCCCCCCAGGAAGGGAGGGACTCCGAAGACGAATTCACCCCTCCACTTT	CATPPRKGGTPKTNSPLHF	TRBV24-1	TRBJ1-6
TGTGCCAGTAGTAACAGGCGGGAGAAAGTTAGCTCCTACGAGCAGTACTTC	CASSNRREKVSSYEQYF	TRBV19	TRBJ2-7
TGTGCCAGTAGTAAGTTCCCCGGCACTGAAGCTTTCTTT	CASSKFPGTEAFF	TRBV19	TRBJ1-1
TGCGCCAGCAGCTTGGCTGGACACCCCGAGCAGTACTTC	CASSLAGHPEQYF	TRBV5-1	TRBJ2-7
TGTGCCAGCAGTTTAAAAGGACAAGATCAGAATTCACCCCTCCACTTT	CASSLKGQDQNSPLHF	TRBV27	TRBJ1-6
TGCAGTGCTAGAGATCCCCGTCAATCTAATGAAAAACTGTTTTTT	CSARDPRQSNEKLFF	TRBV20-1	TRBJ1-4
TGTGCCAGCAGTTCTAGCCCGAGGGTTTACAATGAGCAGTTCTTC	CASSSSPRVYNEQFF	TRBV12-4	TRBJ2-1
TGTGCCAGTAGTATAGAAGAGGGGGGGCCATGCGCGTATTACGAGCAGTACTTC	CASSIEEGGPCAYYEQYF	TRBV19	TRBJ2-7
TGTGCCAGCAGTGACTTGGACAGGGGTGGGGCCAACGTCCTGACTTTC	CASSDLDRGGANVLTF	TRBV6-4	TRBJ2-6
TGTGCCACCAGCAGAGATCGGACAGGGCACCCTGAAGCTTTCTTT	CATSRDRTGHPEAFF	TRBV15	TRBJ1-1
TGTGCCAGCAGAGAGCCTAGGGGGAATGAAAAACTGTTTTTT	CASREPRGNEKLFF	TRBV12-3	TRBJ1-4
TGTGCCAGCAGCTTAGTAAAGCCTATAGTCAATGCTTCGCGAAACACCATATATTTT	CASSLVKPIVNASRNTIYF	TRBV7-2	TRBJ1-3
TGTGACCTCAGGGGGGAACGGAACACTGAAGCTTTCTTT	CDLRGERNTEAFF	TRBV6-4	TRBJ1-1
TGTGCCAGCAGTTACCGCGTGAGGAACGAGCAGTACTTC	CASSYRVRNEQYF	TRBV6-6	TRBJ2-7
TGTGCCAGCAGCTTACCCTCCGCGACGCTCTACGAGCAGTACTTC	CASSLPSATLYEQYF	TRBV11-3	TRBJ2-7
TGCGCCAGCAGCTGGGGTGATATGGAGACCCAGTACTTC	CASSWGDMETQYF	TRBV5-1	TRBJ2-5
TGTGCCAGCAGCCAAGATAGCCCAGCCCACTATGGCTACACCTTC	CASSQDSPAHYGYTF	TRBV14	TRBJ1-2
TGTGCCAGCAGTTCCCGGGGGACAGATACGCAGTATTTT	CASSSRGTDTQYF	TRBV28	TRBJ2-3
TGCGCCAGCAGCTTGGTGGGGGGGAGGAACAATGAGCAGTTCTTC	CASSLVGGRNNEQFF	TRBV5-1	TRBJ2-1
TGTGCCAGCAGTTTGGGGCCGGCAGGGGTACTGCGATCAGCAACTAATGAAAAACTGTTTTTT	CASSLGPAGVLRSATNEKLFF	TRBV27	TRBJ1-4
TGTGCCAGCAGCCAATTGACTGACAGGGGGCAGGACAGCTCCTATAATTCACCCCTCCACTTT	CASSQLTDRGQDSSYNSPLHF	TRBV3-1	TRBJ1-6
TGTGCCAGCAGGAGCTATCGACCGCGGCATTCGTCCTACGAGCAGTACTTC	CASRSYRPRHSSYEQYF	TRBV7-3	TRBJ2-7
TGTGCCAGCTCACCAAAAAAGCGGGACAGGGATAGCCTTAGAAGCCCGACTAACTATGGCTACACCTTC	CASSPKKRDRDSLRSPTNYGYTF	TRBV18	TRBJ1-2
TGTGCCAGCAGCGGTCAAGTAATCCCCACACTAGCGGGAGTAAGGAACACCGGGGAGCTGTTTTTT	CASSGQVIPTLAGVRNTGELFF	TRBV13	TRBJ2-2
TGTGCCAGCAGCCGGCCTCGGGGGGGCGATAACAATGAGCAGTTCTTC	CASSRPRGGDNNEQFF	TRBV7-3	TRBJ2-1
TGTGCCAGCAGTTTCCGGGGGCTCCAGTACTTC	CASSFRGLQYF	TRBV27	TRBJ2-5
TGTGCCAGCAGTCAGGAATTGGGTCGGGGGGGGGAGCAGTTCTTC	CASSQELGRGGEQFF	TRBV27	TRBJ2-1
TGTGCCAGCAGCTTGTCTCCCGGGACTAGCGGGGGCCTCCCTCACTACGAGCAGTACTTC	CASSLSPGTSGGLPHYEQYF	TRBV5-6	TRBJ2-7
TGTGCCAGCAGTGAGGAGGGGGGCCGGTACAATGAGCAGTTCTTC	CASSEEGGRYNEQFF	TRBV6-4	TRBJ2-1
TGTGCCAGCAGCCCCGGGCCGGACAGGCAAGGAAGCGAGCAGTACTTC	CASSPGPDRQGSEQYF	TRBV7-9	TRBJ2-7
TGCGCCAGCAGTCGGACGGAAGGCTCCGGGGAGCTGTTTTTT	CASSRTEGSGELFF	TRBV10-1	TRBJ2-2
TGTGCCAGCGGAGGGGACTATAATTACGAGCAGTACTTC	CASGGDYNYEQYF	TRBV7-3	TRBJ2-7
TGTGCCAGCAGCTGTAGGGGGTACGAGCAGTACTTC	CASSCRGYEQYF	TRBV7-4	TRBJ2-7
TGTGCCAGCAGCCAAGAAAATGGGAGGCTGATGTATGAGCAGTTCTTC	CASSQENGRLMYEQFF	TRBV14	TRBJ2-1
TGTGCCAGCAGCTCCAGGGGGCCTAATGAAAAACTGTTTTTT	CASSSRGPNEKLFF	TRBV6-8	TRBJ1-4
TGTGCCAGAGAGGGGCAGAGCTTAACCGGGGAGCTGTTTTTT	CAREGQSLTGELFF	TRBV2	TRBJ2-2
TGTGCCACCCAACCCGGGGAGCTGTTTTTT	CATQPGELFF	TRBV18	TRBJ2-2
TGTGCCTGGAGTGTTCACTTTGAAGGGGGTTCGGCCTACGAGCAGTACTTC	CAWSVHFEGGSAYEQYF	TRBV30	TRBJ2-7
TGTGCCACCAGGCCTAACCCGGGTGACAATGAGCAGTTCTTC	CATRPNPGDNEQFF	TRBV24-1	TRBJ2-1
TGTGCCAGTAGGGACCGGGAGGTCTACGAGCAGTACTTC	CASRDREVYEQYF	TRBV19	TRBJ2-7
TGTGCCAGCAGCCGGGACAGGGCCACCTATGGCTACACCTTC	CASSRDRATYGYTF	TRBV13	TRBJ1-2
TGTGCCACCAGAGGCTGGGGCGCGAACACCGGGGAGCTGTTTTTT	CATRGWGANTGELFF	TRBV24-1	TRBJ2-2
TGCGCCAGCAGGACTCTTCCCAGCGGGATACCACGAAACTATGGCTACACCTTC	CASRTLPSGIPRNYGYTF	TRBV10-1	TRBJ1-2
TGCGCCAGCAGTCCAGGGGACGATTATAGCAATCAGCCCCAGCATTTT	CASSPGDDYSNQPQHF	TRBV10-1	TRBJ1-5
TGTGCCTGGAGTGACAGGGGAGCTGAAGCTTTCTTT	CAWSDRGAEAFF	TRBV30	TRBJ1-1
TGTGCCAGCAGTTTGAGCAGACAGGCTACCAATCAGCCCCAGCATTTT	CASSLSRQATNQPQHF	TRBV27	TRBJ1-5
TGTGCCACCCCCGCCGGGACAGTTGGCTACACCTTC	CATPAGTVGYTF	TRBV24-1	TRBJ1-2
TGTGCCAGCGACAGGGAGGACTATGGCTACACCTTC	CASDREDYGYTF	TRBV6-6	TRBJ1-2
TGCAGCGTTGTGTGGCAGCCAAGCTCCTACGAGCAGTACTTC	CSVVWQPSSYEQYF	TRBV29-1	TRBJ2-7
TGTGCCCACTGCGGGACTAGCGGGGGGACAGATACGCAGTATTTT	CAHCGTSGGTDTQYF	TRBV12-3	TRBJ2-3
TGTGCCAAGGGGGCCCCCGCGGAGACCCAGTACTTC	CAKGAPAETQYF	TRBV6-1	TRBJ2-5
TGTGCCAGCAGGGAAGACTTGGGGGGAAGCAATCAGCCCCAGCATTTT	CASREDLGGSNQPQHF	TRBV6-4	TRBJ1-5
TGTGCCAGCAGTTCCCATAACGGAACGGCCTATGAGCAGTTCTTC	CASSSHNGTAYEQFF	TRBV6-5	TRBJ2-1
TGCGCCAGCAGCCACCCTTCCCGCTTACTTTCCGGGGAGCTGTTTTTT	CASSHPSRLLSGELFF	TRBV4-1	TRBJ2-2
TGTGCCAGCAGCCCCTACAGGGACGAGCAGTACTTC	CASSPYRDEQYF	TRBV7-9	TRBJ2-7
TGTGCCAGCAGCATGACTAGGGACGAGCAGTACTTC	CASSMTRDEQYF	TRBV13	TRBJ2-7
TGCGCCAGCAGCTCGCTTAGAAAAGGCAGTCAGCCCCAGCATTTT	CASSSLRKGSQPQHF	TRBV5-1	TRBJ1-5
TGTGCCATCAGTGAGTCGAGGGACGGAGGGTCCTACGAGCAGTACTTC	CAISESRDGGSYEQYF	TRBV10-3	TRBJ2-7
TGTGCCAGCAGCTGGGCCGGGACAGGGGGCGGTGAAGCTTTCTTT	CASSWAGTGGGEAFF	TRBV5-4	TRBJ1-1
TGTGCCAGCACCCCCGACAGGTACTATGGCTACACCTTC	CASTPDRYYGYTF	TRBV3-1	TRBJ1-2
TGTGCCAGCAGCCCCAGTCGTCCAGAGACCCAGTACTTC	CASSPSRPETQYF	TRBV13	TRBJ2-5
TGTGCCAGTAGGGCTTTCCTTGGGACTGAAGCTTTCTTT	CASRAFLGTEAFF	TRBV19	TRBJ1-1
TGCGCCAGCAGCCAAGATAGAGCGGACAGGGCGATTTCTGGGGCCAACGTCCTGACTTTC	CASSQDRADRAISGANVLTF	TRBV4-1	TRBJ2-6
TGTGCCAGCAGTTTAGAGGACGGGTTTCGGGGGCGATCCTACGAGCAGTACTTC	CASSLEDGFRGRSYEQYF	TRBV28	TRBJ2-7
TGTGCCAGCTCACCTCCGAACACTGAAGCTTTCTTT	CASSPPNTEAFF	TRBV18	TRBJ1-1
TGTGCCAAGGGACAGGGTGTCTACCAAGAGGGCCCTAATGAAAAACTGTTTTTT	CAKGQGVYQEGPNEKLFF	TRBV6-4	TRBJ1-4
TGTGCCAGCAGTGAAGCGCTTCCCGGGACTAGCGGGAGTAGGTCCAATGAGCAGTTCTTC	CASSEALPGTSGSRSNEQFF	TRBV6-1	TRBJ2-1
TGCGCCAGCAGCTTGGGTTCCCGGGAGGGTCCTTCCTACGAGCAGTACTTC	CASSLGSREGPSYEQYF	TRBV5-1	TRBJ2-7
TGTGCCAGCAGCATATTAGGGGGCACAGGTGTCTCTGGAAACACCATATATTTT	CASSILGGTGVSGNTIYF	TRBV7-3	TRBJ1-3
TGTGCCAGCAGGGGGCTGAACGTCAAAGGGGGCTACACCTTC	CASRGLNVKGGYTF	TRBV14	TRBJ1-2
TGCGCCAGCGGGGGGCCCCAGTACGAGCAGTACTTC	CASGGPQYEQYF	TRBV4-1	TRBJ2-7
TGTGCCAGCAGCTTGACGGGACTAGGGAGCTACGAGCAGTACTTC	CASSLTGLGSYEQYF	TRBV5-4	TRBJ2-7
TGCGCCAGCAGTGGAGGGGTAGCGGGATTCTATGGCTACACCTTC	CASSGGVAGFYGYTF	TRBV10-2	TRBJ1-2
TGTGCCATCAGTTCCCATTCGACAGATGGCTACACCTTC	CAISSHSTDGYTF	TRBV10-3	TRBJ1-2
TGTGCCAATCGGTCGGATGTCTATGGCTACACCTTC	CANRSDVYGYTF	TRBV28	TRBJ1-2
TGTGCCAGCAGCCCGACTAAAATTGGTCAGGGGCTCTACGAGCAGTACTTC	CASSPTKIGQGLYEQYF	TRBV11-3	TRBJ2-7
TGTGCCAGCATACGGTCGGGCAGAGTAGGATATTTT	CASIRSGRVGYF	TRBV27	TRBJ1-3
TGTGCCAGCATTAGGCAGGGAAACACCATATATTTT	CASIRQGNTIYF	TRBV27	TRBJ1-3
TGCGCCAGCAGCTTCCTCGGGGAACTTGAGCAGTTCTTC	CASSFLGELEQFF	TRBV5-1	TRBJ2-1
TGTGCCTGGCGGGGGGGAGTGGCCAAAAACATTCAGTACTTC	CAWRGGVAKNIQYF	TRBV30	TRBJ2-4
TGTGCCAGCAGCGCCAGGGCCGTCGACACTGAAGCTTTCTTT	CASSARAVDTEAFF	TRBV13	TRBJ1-1
TGTGCCAGCACAAAACGAGGCAATGAGCAGTTCTTC	CASTKRGNEQFF	TRBV12-3	TRBJ2-1
TGTGCCAGCAGTCCAGGGCCGGGTCAGCCCCAGCATTTT	CASSPGPGQPQHF	TRBV6-5	TRBJ1-5
TGTGCCAGCAGTTGGACGCTGGAGCGCTACGAGCAGTACTTC	CASSWTLERYEQYF	TRBV6-1	TRBJ2-7
TGTGCCAGCAGTTTGGAGGGGGGCTTCTCCTACAAGGGGATCAATCAGCCCCAGCATTTT	CASSLEGGFSYKGINQPQHF	TRBV27	TRBJ1-5
TGTGCCAGCAGTGAACCAACTAAGGGACAGGAAGATACGCAGTATTTT	CASSEPTKGQEDTQYF	TRBV6-1	TRBJ2-3
TGTGCCAGCAGCGGACAAGAGGCCTTTAGTCTGAGCTCCTATAATTCACCCCTCCACTTT	CASSGQEAFSLSSYNSPLHF	TRBV7-8	TRBJ1-6
TGTGCCAGCAGCCCCCGTTGGGACAGGGGGGAAGAGACCCAGTACTTC	CASSPRWDRGEETQYF	TRBV7-6	TRBJ2-5
